Measure Time,Commanded trajectory,Real trajectory,Curve,az LS,2803,el LS,2356
2024-10-10 13:57:16.856416,"(0, 0)","(1560, 2889)","[17 10 17 18 19 17 20 21 20 19 22 22 21 22 17 19 16 17 16 16 14 15 13 13
 12 12 11 11 10 10 11 11 12 11 12 12 12 12 12 12 12 12 11 11 10 10 10 10
 11 10 11 11 11 11 12 12 12 12 11 11 10 10  9 10  9  9 10  9 14 11 20 18
 20 21 22 21 30 26 30 30 30 30 28 29 26 27 29 27 31 30 31 31 35 32 40 38
 41 41 40 41 38 39 35 37 30 34 23 23 23 23 21 22 21 21 21 21 21 21 19 20
 18 18 16 17 14 15 13 13]"
2024-10-10 13:57:41.599490,"(90, 3.0)","(2748, 2856)","[16  6 17 17 18 17 20 20 20 19 22 22 21 22 17 19 16 17 16 16 14 15 13 13
 12 12 12 12 12 12 11 12 10 11 10 10 12 11 12 12 12 12 11 11 10 10 10 10
 11 10 11 11 11 11 12 12 12 12 11 11 10 10  9 10  9  9 10  9 16 11 23 19
 29 27 29 29 27 28 29 28 29 30 27 28 25 26 24 25 24 24 35 27 44 40 45 45
 43 44 41 42 38 40 35 37 29 32 23 24 21 22 18 19 17 17 16 17 15 16 14 15
 12 13 11 11 23 17 27 26]"
2024-10-10 13:58:02.075334,"(30.0, 3.0)","(1815, 2857)","[16  9 17 17 18 17 20 20 20 19 22 22 21 22 17 19 16 17 16 16 14 15 13 13
 12 12 11 11 10 10 11 11 10 11 10 10 12 11 12 12 12 12 11 11 10 10 10 10
 11 10 11 11 11 11 12 12 12 12 11 11 10 10  9 10  9  9 10  9 15 11 16 16
 15 16 17 16 20 18 25 23 26 26 25 26 25 25 29 27 30 30 29 30 31 30 31 31
 32 30 33 33 33 33 32 32 28 30 24 26 19 20 18 18 17 17 16 16 15 15 15 15
 15 15 15 15 15 15 15 15]"
2024-10-10 13:58:22.544619,"(-30.0, 3.0)","(1358, 2855)","[16  5 17 17 18 17 20 20 20 19 22 22 21 22 18 19 18 18 17 17 15 16 13 14
 12 12 11 11 10 10 11 11 10 11 10 10 12 11 12 12 12 12 11 11 10 10 10 10
 11 10 11 11 11 11 12 12 12 12 11 11 10 10  9 10  9  9 10  9 11 11 17 11
 25 20 35 30 41 38 43 42 45 43 48 47 50 49 49 50 46 49 42 44 41 41 43 42
 40 42 36 38 34 35 32 33 33 32 35 34 34 35 33 34 28 33 28 28 27 28 26 27
 24 25 21 23 18 20 16 17]"
2024-10-10 13:58:43.014122,"(-90, 3.0)","(877, 2855)","[17 10 17 18 18 18 20 20 20 19 22 22 21 22 17 19 16 17 16 16 14 15 13 14
 12 12 11 11 10 10 11 11 10 11 10 10 12 11 12 12 12 12 11 11 10 10 10 10
 11 10 11 11 11 11 12 12 12 12 11 11 10 10  9 10  9  9 10  9 11 11 15 11
 22 17 31 27 31 31 29 30 26 28 26 26 32 29 31 32 30 30 34 31 41 38 42 42
 38 41 34 36 29 31 22 27 21 21 19 20 19 19 17 18 15 16 14 15 13 14 12 13
 11 11  9 10  9  9  9  9]"
2024-10-10 13:59:11.812128,"(30.0, -3.0)","(1816, 2918)","[16 14 17 17 18 17 20 20 20 19 22 22 21 22 17 19 16 17 16 16 14 15 13 13
 12 12 11 11 10 10 11 11 11 11 10 10 12 11 12 12 12 12 11 11 10 10 10 10
 11 10 11 11 11 11 12 12 12 12 11 11 10 10  9 10  9  9 10  9 11 11 15 11
 33 27 39 37 39 39 39 39 37 38 35 36 33 34 32 32 33 32 34 34 36 35 43 40
 46 46 45 45 41 43 35 38 32 33 29 31 25 26 24 24 23 23 22 23 21 22 18 19
 16 16 14 15 14 14 14 14]"
2024-10-10 13:59:32.284597,"(-30.0, -3.0)","(1341, 2917)","[16 11 17 17 18 17 20 20 20 19 22 22 21 22 17 19 16 17 16 16 14 15 13 13
 12 12 11 11 10 10 11 11 10 11 10 10 12 11 12 12 12 12 11 11 10 10 10 10
 11 10 11 11 11 11 12 12 12 12 11 11 10 10  9 10  9  9 10  9 11 11 10 11
 14  9 25 19 36 31 43 39 48 46 50 50 48 49 42 45 39 40 36 37 34 35 35 35
 35 36 34 35 32 33 31 32 29 30 25 25 25 25 24 25 24 24 30 28 30 30 25 30
 25 25 25 25 25 25 24 25]"
2024-10-10 14:00:01.087202,"(90, 6.0)","(2747, 2820)","[18 19 18 18 21 19 22 22 21 20 22 22 22 22 21 22 20 20 19 20 16 18 14 14
 13 13 12 13 10 11 11 11 10 11 10 10 12 11 12 12 12 12 11 11 10 10 10 10
 11 10 11 11 11 11 12 12 12 12 11 11 13 10 17 16 18 17 22 19 28 24 39 34
 46 43 49 48 48 49 44 46 41 43 39 40 35 37 32 33 37 32 47 42 52 50 50 51
 46 48 43 44 39 41 34 36 28 31 26 27 24 25 21 22 19 20 18 18 17 17 16 16
 16 16 16 16 15 16 17 15]"
2024-10-10 14:00:17.291531,"(61.12, 5.1391)","(2268, 2829)","[16 12 17 17 18 17 20 20 22 19 23 23 21 22 18 19 17 17 16 16 14 15 13 14
 12 12 11 11 10 10 11 11 10 11 10 10 12 11 12 12 12 12 11 11 10 10 10 10
 11 10 11 11 11 11 12 12 12 12 11 11 14 10 16 15 15 16 17 16 23 19 32 28
 35 35 34 35 34 34 33 33 36 35 36 37 33 35 29 32 27 27 37 30 45 42 45 45
 43 44 41 42 39 40 34 37 26 30 24 25 21 23 19 20 17 18 15 16 14 15 13 13
 12 13 11 12 21 17 24 23]"
2024-10-10 14:00:33.700554,"(30.0, 6.0)","(1817, 2820)","[17 17 17 17 22 19 24 24 22 23 22 22 22 22 22 22 18 21 16 16 15 15 13 13
 12 12 11 11 10 10 11 11 10 11 10 10 12 11 12 12 12 12 11 11 10 10 10 10
 11 10 11 11 11 11 12 12 12 12 11 11 10 10  9 10  9  9 10  9 16 11 20 18
 27 21 39 33 46 43 48 47 48 49 45 47 39 42 34 36 34 32 39 36 40 40 39 40
 35 37 34 34 31 33 25 30 24 25 22 23 20 21 18 19 17 17 15 16 14 15 12 13
 11 11 10 10  9 10  9  9]"
2024-10-10 14:00:49.904026,"(1.12, 5.1391)","(1560, 2829)","[16  8 17 17 24 20 25 25 22 23 23 22 22 23 21 22 18 20 17 17 15 16 13 14
 12 12 11 11 10 10 11 11 10 11 10 10 12 11 12 12 12 12 11 11 10 10 10 10
 11 10 11 11 11 11 12 12 12 12 11 11 15 10 17 17 18 17 18 18 20 19 24 22
 31 27 40 35 49 45 51 50 51 52 49 51 46 48 43 44 42 42 42 42 43 42 43 43
 41 42 39 40 35 37 29 34 28 29 26 27 23 24 21 22 19 20 19 19 18 19 17 18
 16 17 16 16 15 15 13 14]"
2024-10-10 14:01:06.312850,"(-30.0, 6.0)","(1357, 2820)","[17 18 17 17 24 20 26 26 23 25 22 22 24 23 24 24 22 23 21 22 19 20 16 17
 14 15 11 12 10 10 11 11 10 11 10 10 12 11 12 12 12 12 11 11 10 10 10 10
 11 10 11 11 11 11 12 12 12 12 11 11 14 10 16 15 17 15 20 19 21 21 23 21
 31 26 42 36 51 47 52 52 51 52 48 49 47 47 47 47 47 47 47 47 45 46 44 44
 42 43 41 41 41 41 40 40 37 39 34 36 29 30 27 28 25 26 24 24 22 23 20 21
 18 19 16 17 13 15 12 13]"
2024-10-10 14:01:22.516725,"(-58.88, 5.1391)","(1165, 2830)","[20 19 21 21 22 22 22 23 21 20 22 22 22 22 22 23 19 21 16 17 15 16 13 14
 12 12 11 11 10 10 11 11 10 11 10 10 12 11 12 12 12 12 11 11 10 10 10 10
 11 10 11 11 11 11 12 12 12 12 11 11 12 10 15 14 15 15 16 16 17 17 22 18
 32 29 35 35 35 35 34 33 44 37 54 50 56 56 56 56 54 55 51 53 49 50 47 48
 44 45 42 43 41 42 40 41 37 38 31 31 31 31 29 30 26 28 24 25 22 23 20 21
 20 20 18 19 17 18 16 16]"
2024-10-10 14:01:39.940175,"(-90, 6.0)","(875, 2821)","[16 10 19 18 23 21 23 24 22 22 22 22 23 23 23 23 21 23 18 20 15 17 13 14
 12 12 11 11 10 10 11 11 10 11 10 10 12 11 12 12 12 12 11 11 10 10 10 10
 11 10 11 11 11 11 12 12 12 12 11 11 10 10  9 10 15  9 20 18 19 20 23 18
 38 32 47 43 49 48 49 49 47 48 46 47 52 49 54 54 52 54 47 50 45 46 43 44
 40 41 39 40 37 38 30 36 29 30 27 28 26 26 25 25 22 23 19 20 17 18 15 16
 14 15 13 14 12 12 10 11]"
2024-10-10 14:02:13.108050,"(61.12, -5.1391)","(2268, 2941)","[16 13 17 17 19 18 20 20 20 19 22 22 21 22 17 19 16 17 16 16 14 15 13 13
 12 12 11 11 10 10 11 11 10 11 10 10 12 11 12 12 12 12 11 11 10 10 10 10
 11 10 11 11 11 11 12 12 12 12 11 11 10 10 15 10 28 23 33 32 32 33 29 30
 33 29 46 39 53 50 52 53 49 51 42 46 39 40 38 39 38 38 41 39 43 42 45 45
 46 46 43 45 39 41 36 38 30 35 28 29 26 27 24 25 21 22 20 21 18 19 17 17
 15 16 13 14 13 13 13 13]"
2024-10-10 14:02:30.530901,"(30.0, -6.0)","(1818, 2951)","[16 11 17 17 19 18 20 20 20 19 22 22 21 22 17 19 16 17 16 16 14 15 13 13
 12 12 11 11 10 10 11 11 10 11 10 10 12 11 12 12 12 12 11 11 10 10 10 10
 11 10 11 11 11 11 12 12 12 12 11 11 10 10 12 10 17 15 20 19 19 19 21 18
 32 27 37 35 36 36 32 34 33 31 38 35 38 38 36 37 35 35 37 36 36 36 35 35
 37 35 39 39 37 38 34 35 31 32 25 26 23 25 21 22 20 20 20 20 20 20 18 19
 16 17 14 15 12 13 11 11]"
2024-10-10 14:02:46.737244,"(1.12, -5.1391)","(1560, 2942)","[17 10 18 19 19 18 20 20 20 19 22 22 21 22 17 19 16 17 16 16 14 15 13 13
 12 12 11 11 10 10 11 11 10 11 10 10 12 11 12 12 12 12 11 11 10 10 10 10
 11 10 11 11 11 11 12 12 12 12 11 11 10 10  9 10  9  9 10  9 11 11 15 11
 23 21 23 24 23 23 28 26 35 30 44 39 47 46 45 47 43 44 42 42 39 40 39 38
 42 41 42 43 37 40 35 36 30 34 25 25 23 24 22 23 21 22 21 21 20 20 18 19
 15 16 13 14 12 13 11 12]"
2024-10-10 14:03:03.145195,"(-30.0, -6.0)","(1341, 2951)","[16 11 17 17 19 18 20 20 20 19 22 22 21 22 17 19 16 17 16 16 14 15 13 13
 12 12 11 11 10 10 11 11 10 11 10 10 12 11 12 12 12 12 11 11 10 10 10 10
 11 10 11 11 11 11 12 12 12 12 11 11 10 10  9 10  9  9 10  9 11 11 10 11
 18  9 30 24 40 36 44 43 45 45 44 45 37 41 33 35 28 29 27 27 29 28 32 31
 32 33 30 31 29 29 27 28 22 26 22 22 20 21 20 20 20 20 20 20 19 19 18 19
 17 18 23 19 26 25 26 26]"
2024-10-10 14:03:19.352259,"(-58.88, -5.1391)","(1165, 2944)","[16  4 17 17 19 18 20 20 20 19 22 22 21 22 17 19 16 17 16 16 14 15 13 13
 12 12 11 11 10 10 11 11 10 11 10 10 12 11 12 12 12 12 11 11 10 10 10 10
 11 10 11 11 11 11 12 12 12 12 11 11 10 10 13 10 21 18 21 22 26 23 34 31
 36 36 36 36 33 34 36 34 39 39 38 39 31 35 33 31 37 35 39 39 39 39 41 39
 43 43 42 43 35 38 33 34 30 32 26 26 24 25 22 24 19 21 16 18 14 15 13 13
 13 13 13 13 13 13 12 13]"
2024-10-10 14:03:53.318283,"(90, 9.0)","(2744, 2790)","[17 11 17 18 21 19 25 24 23 24 22 22 22 22 19 20 20 18 20 20 16 18 13 14
 12 12 11 11 10 10 11 11 10 11 10 10 12 11 12 12 12 12 11 11 10 10 10 10
 11 10 11 11 11 11 12 12 12 12 11 11 17 16 21 20 26 23 28 27 28 28 37 31
 52 45 61 58 61 61 58 60 54 56 49 51 42 45 39 40 42 38 52 47 56 55 54 56
 48 52 42 44 34 40 33 34 29 31 25 27 22 24 19 20 17 18 16 16 15 15 13 14
 13 13 12 12 11 11 10 11]"
2024-10-10 14:04:07.895705,"(71.69, 7.9)","(2456, 2801)","[16  8 17 18 20 19 22 22 21 21 23 22 25 24 25 25 25 25 24 25 20 22 17 18
 15 16 12 14 10 11 11 11 12 11 12 12 12 12 12 12 12 12 11 11 10 10 10 10
 11 10 11 11 11 11 12 12 12 12 11 11 10 10  9 10 16  9 23 19 26 24 33 28
 46 37 56 52 57 57 55 56 51 53 47 49 42 44 36 39 39 33 51 45 56 54 55 56
 51 53 46 49 41 44 36 39 29 32 25 27 21 23 19 20 17 18 16 16 14 15 12 13
 11 12 10 11  9 10  9  9]"
2024-10-10 14:04:22.880026,"(50.4, 7.7873)","(2093, 2804)","[16 13 17 18 19 18 21 21 21 21 22 22 23 23 23 23 22 23 21 22 18 20 14 15
 12 12 11 11 10 10 11 11 10 11 10 10 12 11 12 12 12 12 11 11 10 10 10 10
 11 10 11 11 11 11 12 12 12 12 11 11 10 10  9 10 14  9 18 16 18 18 24 20
 38 30 47 44 47 48 45 46 43 43 40 42 34 37 31 32 33 31 36 35 45 41 44 45
 41 42 39 40 38 38 35 36 31 33 25 27 22 24 19 21 17 18 15 16 13 14 12 12
 12 12 11 12 11 11 11 11]"
2024-10-10 14:04:37.864735,"(30.0, 9.0)","(1820, 2790)","[23 25 21 23 20 20 23 23 22 23 22 22 21 22 19 20 18 18 18 18 17 17 15 16
 12 13 11 11 10 10 11 11 10 11 10 10 12 11 12 12 12 12 11 11 10 10 10 10
 11 10 11 11 11 11 12 12 12 12 11 11 10 10  9 10 17  9 19 19 25 22 31 27
 43 37 50 48 49 50 47 48 47 47 46 47 43 45 40 41 45 40 50 48 50 50 48 49
 44 46 42 42 40 41 35 38 29 32 27 28 23 25 20 22 18 19 16 17 14 15 13 13
 11 12 11 11 10 10  9 10]"
2024-10-10 14:04:52.442249,"(11.69, 7.9)","(1638, 2802)","[17 12 18 19 20 19 22 22 22 22 22 22 21 22 18 19 18 18 17 18 16 16 15 15
 13 14 11 12 10 11 11 11 10 11 10 10 12 11 12 12 12 12 11 11 10 10 10 10
 11 10 11 11 11 11 12 12 12 12 11 11 10 10  9 10  9  9 10  9 13 11 22 19
 29 25 35 32 36 35 47 42 51 51 49 50 44 46 41 41 46 42 52 50 52 52 51 52
 47 49 44 46 41 43 37 39 34 35 29 30 26 27 23 24 20 21 18 19 16 17 15 15
 13 14 12 12 11 11 10 10]"
2024-10-10 14:05:07.426642,"(-9.6, 7.7873)","(1493, 2803)","[18 14 19 20 19 19 22 21 21 21 22 22 21 22 18 19 19 18 18 19 15 16 14 14
 13 13 12 13 11 12 11 11 10 11 10 10 12 11 12 12 12 12 11 11 10 10 10 10
 11 10 11 11 11 11 12 12 12 12 11 11 10 10  9 10 14  9 16 15 17 16 27 22
 35 32 41 38 42 41 47 43 52 52 50 51 45 48 46 45 47 47 47 47 48 48 47 48
 45 46 43 44 41 42 38 40 36 38 31 31 29 30 26 28 24 25 22 23 21 22 19 20
 18 18 16 17 15 15 13 14]"
2024-10-10 14:05:22.412891,"(-30.0, 9.0)","(1357, 2788)","[20 21 20 21 20 20 24 23 22 24 22 22 21 22 18 19 19 17 19 20 17 18 14 16
 13 13 12 13 10 11 11 11 10 11 10 10 12 11 12 12 12 12 11 11 10 10 10 10
 11 10 11 11 11 11 12 12 12 12 11 11 10 10 14 10 18 15 23 21 27 26 32 29
 40 37 47 43 53 50 52 53 51 51 49 51 44 47 45 44 44 46 48 45 52 51 50 51
 48 49 44 46 41 43 39 40 33 38 32 33 29 31 26 28 22 24 19 20 17 18 15 16
 14 15 13 14 12 12 11 11]"
2024-10-10 14:05:36.992650,"(-48.31, 7.9)","(1240, 2799)","[19 19 18 20 25 21 28 27 25 27 23 23 21 22 18 19 19 17 20 21 17 19 14 15
 12 12 11 11 10 10 11 11 10 11 10 10 12 11 12 12 12 12 11 11 10 10 10 10
 11 10 11 11 11 11 12 12 12 12 11 11 10 10 15 10 19 18 20 20 24 21 33 28
 41 38 47 44 51 49 50 51 49 49 48 49 47 47 49 49 49 49 52 50 55 54 53 54
 50 52 46 48 43 45 40 42 37 39 33 33 29 31 25 27 22 24 20 21 18 19 16 17
 16 16 16 16 16 16 14 15]"
2024-10-10 14:05:51.976213,"(-69.6, 7.7873)","(1079, 2802)","[17  9 18 18 26 22 28 28 24 27 22 22 21 22 17 19 17 17 16 16 14 15 13 13
 12 12 11 11 11 11 11 11 10 11 10 10 12 11 12 12 12 12 11 11 10 10 10 10
 11 10 11 11 11 11 12 12 12 12 11 11 15 10 15 16 17 15 19 19 20 19 30 24
 41 36 47 45 48 48 48 48 46 47 47 46 54 50 56 56 56 56 55 55 56 56 54 55
 51 53 46 48 41 44 33 39 31 33 29 30 26 27 24 25 22 22 20 21 19 20 18 18
 18 18 17 17 15 16 14 14]"
2024-10-10 14:06:06.958387,"(-90, 9.0)","(872, 2788)","[24 26 23 24 21 22 21 22 21 20 22 22 22 22 20 21 17 19 16 16 14 15 13 13
 12 12 11 11 10 10 11 11 10 11 10 10 12 11 12 12 12 12 11 11 10 10 10 10
 11 10 11 11 11 11 12 12 12 12 11 11 10 10 15 10 18 16 21 20 20 21 29 22
 46 39 53 50 52 53 48 50 44 45 43 43 49 46 50 50 52 50 53 54 52 53 50 51
 46 48 41 44 37 39 31 35 29 30 25 27 23 24 22 22 20 21 19 20 18 19 16 17
 15 16 14 15 14 14 14 14]"
2024-10-10 14:06:41.548974,"(71.69, -7.9)","(2453, 2974)","[17  8 18 18 19 18 20 21 20 19 22 22 21 22 17 19 16 17 16 16 14 15 13 13
 12 12 11 11 10 10 11 11 10 11 10 10 12 11 12 12 12 12 11 11 10 10 10 10
 11 10 11 11 11 11 12 12 12 12 11 11 10 10 13 10 22 18 26 25 26 26 25 25
 26 25 27 27 28 27 31 31 27 30 23 25 20 21 15 19 15 15 30 23 33 32 32 33
 31 32 31 31 31 31 29 30 27 27 26 26 21 25 20 20 18 19 16 17 16 16 21 16
 22 22 22 22 17 21 17 17]"
2024-10-10 14:06:56.535623,"(50.4, -7.7873)","(2094, 2972)","[17 11 18 18 19 18 20 21 20 19 22 22 21 22 17 19 16 17 16 16 14 15 13 13
 12 12 11 11 10 10 11 11 10 11 10 10 12 11 12 12 12 12 11 11 10 10 10 10
 11 10 11 11 11 11 12 12 12 12 11 11 16 13 21 15 37 30 43 41 43 43 38 40
 36 36 39 36 44 42 42 43 39 41 32 37 30 31 34 32 35 35 31 33 34 32 36 35
 36 36 33 35 26 31 26 26 25 26 24 24 22 23 20 21 19 19 17 18 16 17 14 15
 12 13 10 11 10 10 10 10]"
2024-10-10 14:07:11.518749,"(30.0, -9.0)","(1822, 2985)","[17 13 18 18 19 18 20 20 20 19 22 22 21 22 17 19 16 17 16 16 14 15 13 13
 12 12 11 11 12 11 11 12 10 11 10 10 12 11 12 12 12 12 11 11 10 10 10 10
 11 10 11 11 11 11 12 12 12 12 11 11 10 10 13 10 19 16 23 21 26 24 36 31
 44 41 46 46 46 46 45 45 44 44 43 44 43 43 40 42 35 36 33 34 31 32 24 29
 28 24 34 31 34 34 31 32 25 30 24 25 22 23 20 21 18 18 16 17 15 16 14 15
 13 14 12 13 11 11  9 10]"
2024-10-10 14:07:26.100063,"(11.69, -7.9)","(1640, 2974)","[17 13 18 19 19 18 20 20 20 19 22 22 21 22 17 19 16 17 16 16 14 15 13 13
 12 12 11 11 11 11 11 11 10 11 10 10 12 11 12 12 12 12 11 11 10 10 10 10
 11 10 11 11 11 11 12 12 12 12 11 11 10 10  9 10  9  9 10  9 17 11 31 25
 36 36 36 36 33 34 30 31 28 29 27 27 32 30 31 32 32 31 33 32 36 34 37 37
 40 37 44 42 44 45 41 43 35 39 30 33 25 25 25 25 23 24 21 22 19 20 18 18
 16 17 14 15 13 14 12 13]"
2024-10-10 14:07:41.085520,"(-9.6, -7.7873)","(1487, 2973)","[17  3 18 18 19 18 20 20 20 19 22 22 21 22 17 19 16 17 16 16 14 15 13 13
 12 12 11 11 10 10 11 11 10 11 10 10 12 11 12 12 12 12 11 11 10 10 10 10
 11 10 11 11 11 11 12 12 12 12 11 11 10 10  9 10 18  9 23 21 22 22 21 21
 22 22 21 21 22 21 30 26 35 34 35 36 31 33 30 29 36 32 40 39 42 41 41 42
 39 41 35 37 32 34 31 31 29 30 23 24 22 22 20 21 19 20 18 19 16 17 15 15
 14 14 13 13 20 17 22 22]"
2024-10-10 14:07:56.075386,"(-30.0, -9.0)","(1358, 2985)","[17 12 18 18 19 18 20 20 20 19 22 22 21 22 17 19 16 17 16 16 14 15 13 13
 12 12 11 11 10 10 11 11 10 11 10 10 12 11 12 12 12 12 11 11 10 10 10 10
 11 10 11 11 11 11 12 12 12 12 11 11 10 10  9 10  9  9 10  9 15 11 17 16
 23 16 38 30 48 44 50 50 48 50 44 46 41 43 39 40 39 38 41 40 41 41 38 40
 35 36 34 35 31 33 26 29 24 25 23 24 22 22 22 22 21 22 20 21 18 19 17 17
 15 16 13 14 12 13 17 12]"
2024-10-10 14:08:10.655945,"(-48.31, -7.9)","(1240, 2974)","[18 14 20 20 19 19 20 20 20 19 22 22 21 22 17 19 16 17 16 16 14 15 13 13
 12 12 11 11 10 10 11 11 10 11 10 10 12 11 12 12 12 12 11 11 10 10 10 10
 11 10 11 11 11 11 12 12 12 12 11 11 10 10 14 10 15 15 18 16 25 22 26 26
 29 25 39 34 45 42 51 49 52 53 50 52 46 48 43 45 42 43 41 41 39 40 37 38
 35 36 33 34 32 33 27 30 26 26 25 26 24 25 22 23 21 22 20 20 19 19 19 19
 19 19 18 18 18 18 24 18]"
2024-10-10 14:08:25.640457,"(-69.6, -7.7873)","(1078, 2971)","[17 10 18 18 19 18 20 20 20 19 22 22 21 22 17 19 16 17 16 16 14 15 13 13
 12 12 11 11 10 10 11 11 10 11 10 10 12 11 12 12 12 12 11 11 10 10 10 10
 11 10 11 11 11 11 12 12 12 12 11 11 10 10  9 10  9  9 10  9 11 11 17 11
 20 20 19 20 21 19 25 24 24 25 21 23 24 22 33 29 36 36 35 36 34 34 44 38
 53 50 53 54 50 52 46 48 41 44 36 38 33 34 27 32 25 26 22 23 19 20 17 18
 16 16 15 15 14 14 13 13]"
2024-10-10 14:09:00.029071,"(90, 12.0)","(2742, 2756)","[26 29 24 26 23 23 26 24 28 28 29 28 29 29 28 29 27 28 27 27 26 26 24 25
 22 23 20 21 17 19 15 16 12 13 10 11 12 11 12 12 12 12 11 11 10 10 10 10
 11 10 11 11 11 11 19 12 27 24 31 29 36 34 39 38 43 39 46 46 44 45 48 43
 63 57 69 67 67 68 62 64 59 61 55 57 50 53 47 48 45 46 47 45 52 50 49 51
 43 46 36 38 33 35 30 32 28 29 26 27 25 26 24 25 22 23 19 20 18 19 18 18
 18 18 17 18 16 17 15 15]"
2024-10-10 14:09:13.996803,"(76.7, 10.7894)","(2543, 2769)","[17 16 18 19 19 18 20 20 20 19 22 22 21 22 18 19 18 17 19 19 17 18 15 16
 12 14 11 11 10 10 11 11 10 11 10 10 12 11 12 12 12 12 11 11 10 10 10 10
 11 10 11 11 11 11 12 12 15 12 15 16 15 10 18 17 23 20 29 26 33 31 37 32
 54 47 61 59 60 61 55 59 49 51 40 45 37 38 35 36 39 34 50 44 53 52 51 52
 48 50 43 45 37 40 32 35 28 30 24 26 21 23 19 20 17 18 15 16 14 14 12 13
 11 12 10 10  9  9  9  9]"
2024-10-10 14:09:29.388039,"(61.12, 10.2782)","(2270, 2774)","[17 11 18 18 19 18 20 20 20 19 22 22 21 22 18 19 21 19 21 22 19 20 16 17
 12 14 11 11 10 10 11 11 10 11 10 10 12 11 12 12 12 12 11 11 10 10 10 10
 11 10 11 11 11 11 12 12 12 12 11 11 10 10 15 10 23 19 28 26 31 30 33 31
 47 37 57 54 57 58 53 56 49 51 43 46 35 39 32 33 37 31 48 43 51 50 49 50
 44 46 40 42 31 38 28 30 24 26 21 22 18 19 17 17 15 16 14 15 13 13 11 12
 10 11  9 10  9  9  9  9]"
2024-10-10 14:09:43.763021,"(45.21, 10.5686)","(2018, 2771)","[17  7 18 18 19 18 20 20 20 19 22 22 21 22 19 19 21 20 21 22 19 20 17 18
 14 16 11 13 10 11 11 11 10 11 10 10 12 11 12 12 12 12 11 11 10 10 10 10
 11 10 11 11 11 11 12 12 12 12 11 11 10 10  9 10 14  9 23 18 32 28 34 34
 44 33 55 52 55 56 51 53 48 50 44 46 37 40 34 35 40 33 49 45 51 51 48 50
 42 44 38 40 29 36 27 28 23 25 19 21 17 18 15 16 14 14 12 13 11 12 11 11
 10 10 10 10 10 10  9  9]"
2024-10-10 14:09:57.935827,"(30.0, 12.0)","(1824, 2753)","[22 24 21 22 21 21 25 23 26 26 27 27 28 28 27 28 28 27 27 28 27 27 25 26
 22 24 19 21 16 17 13 14 10 11 10 10 12 11 12 12 12 12 11 11 10 10 10 10
 11 10 11 11 11 11 12 12 21 12 27 24 32 29 35 33 39 35 43 41 42 42 45 41
 57 50 65 63 65 65 61 63 57 59 53 55 48 51 44 45 41 42 48 43 53 51 52 53
 48 50 44 46 37 42 35 36 32 34 30 31 28 29 26 27 24 25 21 22 19 20 17 18
 15 16 14 14 13 13 11 12]"
2024-10-10 14:10:11.904554,"(16.7, 10.7894)","(1687, 2768)","[22 22 23 24 21 22 23 22 24 24 25 24 25 25 24 24 24 24 23 24 21 22 18 20
 17 17 15 16 13 14 11 12 10 11 10 10 12 11 12 12 12 12 11 11 10 10 10 10
 11 10 11 11 11 11 12 12 12 12 11 11 14 10 18 17 21 18 26 24 28 27 35 32
 46 37 55 52 54 55 50 51 48 49 45 47 37 41 34 35 39 33 50 45 52 52 50 51
 46 48 43 44 38 41 31 36 29 30 27 28 24 25 21 22 19 20 18 19 16 17 15 15
 13 14 11 12 10 11  9 10]"
2024-10-10 14:10:26.279609,"(1.12, 10.2783)","(1557, 2774)","[17 14 19 19 19 19 20 20 21 20 22 22 21 22 17 19 17 17 17 18 15 16 13 14
 12 12 11 11 10 10 11 11 10 11 10 10 12 11 12 12 12 12 11 11 10 10 10 10
 11 10 11 11 11 11 12 12 12 12 11 11 10 10  9 10 14  9 19 16 25 22 33 28
 44 38 49 48 47 48 47 47 45 47 43 44 38 40 35 36 41 35 51 47 53 53 50 52
 46 48 44 45 40 42 36 38 30 34 28 30 25 26 22 23 19 20 18 18 17 17 14 16
 12 13 11 11 10 10  9  9]"
2024-10-10 14:10:40.653732,"(-14.79, 10.5686)","(1465, 2771)","[26 26 26 27 24 25 25 24 25 25 25 25 25 25 24 24 24 24 23 24 21 22 18 19
 16 17 14 15 11 12 11 11 10 11 10 10 12 11 12 12 12 12 11 11 10 10 10 10
 11 10 11 11 11 11 12 12 12 12 11 11 10 10 15 10 20 17 22 22 23 22 34 29
 44 37 50 48 48 49 47 47 45 46 41 43 36 39 34 35 39 34 50 44 53 52 51 52
 47 48 44 45 40 42 36 38 31 35 30 31 27 29 24 26 22 23 20 21 19 19 17 18
 15 16 14 15 13 13 12 12]"
2024-10-10 14:10:54.827765,"(-30.0, 12.0)","(1362, 2753)","[20 20 20 21 22 20 26 24 28 28 28 28 29 29 28 29 29 28 29 29 28 28 26 27
 24 25 21 23 17 19 14 15 12 13 11 11 12 12 12 12 12 12 11 11 10 10 10 10
 11 10 11 11 11 11 12 12 19 12 23 22 29 26 33 31 36 33 39 38 38 39 39 37
 52 44 60 58 60 60 57 59 53 55 50 52 46 48 43 44 42 42 50 44 55 53 53 54
 50 52 45 48 36 43 36 36 34 35 32 33 29 30 26 28 23 25 21 22 19 20 18 19
 17 18 16 17 15 16 14 15]"
2024-10-10 14:11:08.801134,"(-43.3, 10.7894)","(1275, 2768)","[23 23 22 23 22 22 27 25 29 29 29 29 30 30 30 30 30 30 29 29 28 28 26 27
 24 25 21 23 18 20 15 16 14 14 12 13 12 12 12 12 12 12 11 11 10 10 10 10
 11 10 11 11 11 11 12 12 12 12 11 11 19 17 24 22 26 24 31 29 30 31 31 31
 41 30 52 49 51 52 47 49 45 46 43 44 41 42 37 38 37 37 51 41 55 54 53 55
 49 51 45 47 39 42 32 37 32 32 31 31 28 30 26 27 23 24 21 22 19 20 18 19
 17 17 15 16 14 14 12 13]"
2024-10-10 14:11:23.177744,"(-58.88, 10.2782)","(1165, 2775)","[26 26 25 26 24 25 25 25 25 25 26 25 26 26 25 26 25 25 24 25 23 23 20 22
 17 19 14 15 12 13 12 12 12 12 11 12 12 12 12 12 12 12 11 11 10 10 10 10
 11 10 11 11 11 11 12 12 12 12 11 11 15 10 17 16 20 18 23 22 23 22 28 27
 39 28 49 46 47 48 43 45 42 43 40 41 40 40 39 39 41 38 54 46 58 57 55 57
 50 53 46 48 38 42 31 35 30 31 30 30 27 28 24 26 22 23 20 21 19 19 17 18
 16 17 14 15 13 13 11 12]"
2024-10-10 14:11:37.554038,"(-74.79, 10.5686)","(1034, 2770)","[26 27 25 26 24 24 27 25 28 28 29 28 30 30 29 29 29 29 28 29 27 28 25 26
 22 23 20 21 18 19 15 16 14 14 13 13 12 13 12 12 12 12 11 11 10 10 10 10
 11 10 11 11 11 11 12 12 12 12 11 11 19 16 26 23 29 27 33 31 31 32 33 29
 48 41 55 53 54 55 50 52 47 49 45 46 43 44 42 42 42 42 49 44 56 53 54 55
 47 52 42 44 33 39 31 32 29 30 27 28 26 27 23 24 21 22 19 20 17 18 16 17
 15 16 14 15 13 14 12 12]"
2024-10-10 14:11:51.724895,"(-90, 12.0)","(869, 2752)","[19 15 20 20 21 20 26 24 29 29 29 29 30 30 30 30 30 30 30 30 29 30 28 29
 26 26 23 24 20 21 17 19 15 16 13 14 12 13 12 12 12 12 11 11 10 10 10 10
 11 10 11 11 11 11 12 12 19 12 23 22 30 26 34 32 38 35 41 40 40 41 42 40
 52 46 59 57 58 59 55 56 51 53 47 49 44 46 42 43 40 42 45 41 51 49 49 50
 45 47 39 42 34 34 32 33 30 31 29 30 28 28 26 27 23 24 20 22 17 19 15 16
 14 15 13 13 12 13 12 12]"
2024-10-10 14:12:27.126790,"(76.7, -10.7894)","(2541, 3003)","[18 10 19 19 20 19 20 21 20 19 22 22 21 22 17 19 16 17 16 16 14 15 13 13
 12 12 11 11 10 10 11 11 10 11 10 10 12 11 12 12 12 12 11 11 10 10 10 10
 11 10 11 11 11 11 12 12 12 12 11 11 19 15 34 27 43 39 44 44 42 43 36 38
 34 35 30 32 28 29 27 28 23 25 18 18 16 17 18 16 27 21 35 31 38 37 37 38
 34 35 32 33 31 32 30 30 28 29 22 22 21 21 18 19 17 17 16 16 15 15 20 15
 26 24 27 27 23 25 16 21]"
2024-10-10 14:12:41.503176,"(61.12, -10.2782)","(2271, 2997)","[18 11 20 20 20 19 20 21 20 19 22 22 21 22 17 19 16 17 16 16 14 15 13 13
 12 12 11 11 10 10 11 11 10 11 10 10 12 11 12 12 12 12 11 11 10 10 10 10
 11 10 11 11 11 11 12 12 12 12 20 14 23 22 33 27 44 40 49 47 48 49 43 46
 38 40 35 37 35 35 34 35 30 33 24 27 20 21 20 20 25 20 27 26 29 28 30 30
 33 32 34 34 33 34 33 33 32 33 28 30 23 24 21 22 19 20 17 18 16 16 15 15
 20 15 22 22 16 21 15 15]"
2024-10-10 14:12:56.380740,"(45.21, -10.5686)","(2020, 3000)","[18 13 19 19 20 19 20 21 20 19 22 22 21 22 17 19 16 17 16 16 14 15 13 13
 12 12 11 11 10 10 11 11 10 11 10 10 12 11 12 12 12 12 11 11 10 10 10 10
 11 10 11 11 11 11 12 12 12 12 11 11 15 10 22 18 35 29 41 39 41 41 37 39
 33 35 31 32 37 34 40 39 38 40 32 36 28 30 26 27 21 24 20 21 19 20 19 19
 19 19 18 19 19 18 24 22 26 26 25 26 19 23 18 18 16 17 15 16 13 14 12 13
 11 12 11 11 11 11 10 11]"
2024-10-10 14:13:10.557058,"(30.0, -12.0)","(1825, 3013)","[18 15 19 19 19 19 20 21 20 19 22 22 21 22 17 19 16 17 16 16 14 15 13 13
 12 12 11 11 10 10 11 11 11 11 11 11 12 12 12 12 12 12 11 11 10 10 10 10
 11 10 11 11 11 11 12 12 12 12 11 11 13 10 23 18 29 27 33 31 35 34 39 36
 48 45 51 50 50 51 47 49 43 45 38 41 33 36 28 30 23 25 23 23 22 22 21 21
 24 20 26 26 21 21 19 20 18 19 17 18 21 17 23 22 18 22 18 18 17 18 16 17
 15 16 14 15 14 14 13 13]"
2024-10-10 14:13:24.532240,"(16.7, -10.7894)","(1689, 3000)","[18 12 19 19 19 19 20 20 20 19 22 22 21 22 17 19 16 17 16 16 14 15 13 13
 12 12 13 12 14 14 13 14 11 12 10 10 12 11 12 12 12 12 11 11 10 10 10 10
 11 10 11 11 11 11 12 12 12 12 11 11 10 10  9 10  9  9 10  9 24 18 36 31
 39 39 39 39 36 38 34 35 32 33 30 31 29 29 27 28 26 26 26 26 25 26 24 24
 29 25 32 31 31 32 29 31 26 28 21 21 26 21 28 28 27 28 27 27 22 22 22 22
 22 22 22 22 21 21 20 21]"
2024-10-10 14:13:38.910206,"(1.12, -10.2783)","(1557, 2995)","[18 11 19 19 19 19 20 20 20 19 22 22 21 22 17 19 16 17 16 16 14 15 13 13
 12 12 11 11 15 13 15 15 13 14 10 11 12 11 12 12 12 12 11 11 10 10 10 10
 11 10 11 11 11 11 12 12 12 12 11 11 10 10  9 10  9  9 10  9 11 11 13 11
 18 15 21 19 22 22 25 24 27 26 28 28 32 30 36 35 36 36 38 36 40 38 42 41
 40 41 38 39 37 38 35 36 30 32 27 29 23 24 22 23 20 22 18 19 17 18 16 17
 15 16 13 14 13 13 13 13]"
2024-10-10 14:13:53.284348,"(-14.79, -10.5686)","(1464, 2999)","[18  8 19 19 19 19 20 20 20 19 22 22 21 22 17 19 16 17 16 16 14 15 13 13
 12 12 12 11 12 12 11 12 10 11 10 10 12 11 12 12 12 12 11 11 10 10 10 10
 11 10 11 11 11 11 12 12 12 12 11 11 10 10 12 10 20 17 22 22 20 21 21 21
 22 22 23 22 29 27 30 30 31 30 32 32 32 32 35 33 40 37 46 43 47 47 46 47
 44 46 41 43 37 39 31 34 25 28 24 24 22 23 21 22 19 20 17 18 16 16 15 15
 15 15 14 15 13 14 12 12]"
2024-10-10 14:14:07.457709,"(-30.0, -12.0)","(1360, 3014)","[18  5 19 19 19 19 20 20 20 19 22 22 21 22 17 19 16 17 16 16 14 15 13 13
 12 12 11 11 10 10 11 11 10 11 10 10 12 11 12 12 12 12 11 11 10 10 10 10
 11 10 11 11 11 11 12 12 12 12 11 11 10 10  9 10  9  9 10  9 11 11 14 11
 22 18 23 24 41 31 45 44 45 45 43 44 41 42 38 40 36 37 35 36 34 35 32 33
 29 30 25 27 22 22 21 22 21 21 21 21 21 21 19 20 19 19 25 24 24 25 19 23
 17 18 14 16 13 13 12 13]"
2024-10-10 14:14:22.446788,"(-43.3, -10.7894)","(1275, 3001)","[22 23 20 22 19 19 20 20 20 19 22 22 21 22 17 19 16 17 16 16 14 15 13 13
 12 12 11 11 10 10 11 11 10 11 10 10 12 11 12 12 12 12 11 11 10 10 10 10
 11 10 11 11 11 11 12 12 12 12 11 11 10 10 14 10 23 20 24 24 22 23 25 21
 41 33 52 48 55 54 53 54 49 50 45 47 42 44 40 41 37 39 34 36 33 34 32 32
 31 31 26 26 26 26 26 26 25 25 24 25 23 24 22 22 27 22 27 28 22 23 20 21
 17 19 15 16 13 14 12 13]"
2024-10-10 14:14:37.841705,"(-58.88, -10.2782)","(1165, 2999)","[18  9 19 19 19 19 20 20 20 19 22 22 21 22 17 19 16 17 16 16 14 15 13 13
 12 12 11 11 10 10 11 11 10 11 10 10 12 11 12 12 12 12 11 11 10 10 10 10
 11 10 11 11 11 11 12 12 12 12 11 11 10 10 18 13 25 23 26 26 24 25 22 23
 21 21 28 23 33 31 32 33 33 31 35 35 33 34 29 31 28 27 32 29 32 32 30 30
 38 33 45 42 47 47 46 47 41 44 34 38 26 32 26 26 25 26 23 24 20 21 17 18
 14 15 12 13 11 11 10 10]"
2024-10-10 14:14:52.215752,"(-74.79, -10.5686)","(1034, 3001)","[18 10 19 19 19 19 20 20 20 19 22 22 21 22 17 19 16 17 16 16 14 15 13 13
 12 12 11 11 10 10 11 11 10 11 10 10 12 11 12 12 12 12 11 11 10 10 10 10
 11 10 11 11 11 11 12 12 12 12 11 11 10 10  9 10 15  9 18 18 11 17 10 11
 14  9 18 16 19 19 19 19 14 18 13 14 12 13 11 11 10 10 18 16 22 20 29 25
 38 34 45 42 46 46 44 46 39 42 33 36 29 31 26 28 21 25 20 21 17 19 15 16
 13 14 11 12 10 10  9  9]"
2024-10-10 14:15:27.416007,"(90, 15.0)","(2740, 2719)","[20 22 19 20 20 19 23 22 22 22 22 22 21 22 17 19 16 17 16 16 14 15 13 13
 12 12 11 11 10 10 11 11 10 11 10 10 12 11 12 12 12 12 11 11 10 10 10 10
 11 10 11 11 11 11 12 12 16 12 23 20 23 23 24 22 31 27 33 34 33 32 48 40
 63 57 69 67 68 69 64 66 57 61 52 54 48 50 49 47 59 55 62 62 61 62 56 59
 50 53 45 48 38 42 34 36 31 33 27 29 25 26 22 23 19 20 16 17 14 15 12 13
 12 12 12 12 12 12 11 11]"
2024-10-10 14:15:40.978718,"(79.58, 13.7263)","(2591, 2735)","[28 30 26 27 23 24 22 23 22 22 23 22 22 23 21 22 21 21 21 21 20 20 17 18
 13 15 11 11 10 10 11 11 11 11 10 11 12 11 12 12 12 12 11 11 10 10 10 10
 11 10 11 11 11 11 12 12 16 12 25 20 27 26 33 31 35 34 41 37 44 43 54 47
 69 63 75 73 74 75 69 72 64 66 57 61 52 54 50 50 57 53 61 60 61 61 57 59
 52 54 48 50 41 45 37 39 34 35 31 32 29 30 27 29 25 26 23 24 20 21 17 18
 14 15 13 13 12 12 11 11]"
2024-10-10 14:15:55.746512,"(67.53, 12.9862)","(2384, 2743)","[30 33 26 29 24 25 25 24 26 26 26 26 26 26 26 26 25 25 25 25 24 24 22 23
 19 21 15 17 12 14 11 12 11 11 10 10 12 11 12 12 12 12 11 11 10 10 10 10
 11 10 11 11 15 11 20 17 27 23 31 30 37 34 43 41 46 43 50 48 50 50 54 49
 68 62 75 73 74 75 70 73 64 66 59 61 52 55 46 47 51 47 55 54 55 55 52 54
 47 50 40 41 35 38 30 33 27 28 26 26 26 26 24 25 22 23 20 21 18 18 16 17
 14 15 13 13 13 13 13 13]"
2024-10-10 14:16:09.716475,"(54.66, 12.8723)","(2163, 2745)","[31 34 27 30 24 25 25 24 26 26 26 26 27 26 26 26 25 25 25 25 24 24 22 23
 20 21 17 19 14 15 12 13 10 11 10 10 12 11 12 12 12 12 11 11 10 10 10 10
 11 10 11 11 18 16 20 18 27 23 31 30 37 34 43 41 46 43 50 48 50 50 54 49
 68 62 75 73 74 75 70 73 64 67 59 61 51 55 46 47 48 46 51 50 52 51 50 51
 45 47 38 40 35 36 31 33 29 30 28 28 27 28 26 27 23 25 21 22 20 20 19 19
 17 18 16 17 14 15 13 14]"
2024-10-10 14:16:23.488254,"(42.19, 13.4003)","(1973, 2739)","[30 32 27 29 24 25 22 23 22 22 23 22 22 23 21 21 20 21 19 20 17 18 13 15
 12 12 11 11 10 10 11 11 11 11 11 11 12 12 12 12 12 12 11 11 10 10 10 10
 11 10 11 11 16 16 12 16 12 12 20 17 26 23 32 30 35 33 43 39 48 46 54 47
 72 66 79 76 79 79 75 77 70 72 64 67 57 61 51 53 52 50 54 53 54 54 51 53
 46 48 40 41 36 38 31 34 28 29 27 27 27 27 26 26 24 25 22 23 19 21 17 18
 15 16 14 14 13 14 16 13]"
2024-10-10 14:16:37.255076,"(30.0, 15.0)","(1823, 2720)","[20 17 20 21 20 20 25 24 23 24 23 23 21 22 19 20 18 18 16 17 14 15 13 13
 12 12 11 11 12 11 13 12 13 13 14 13 14 14 13 13 12 12 11 12 10 11 10 10
 11 10 18 17 20 19 22 21 27 24 34 30 37 36 44 41 48 46 49 49 54 51 64 58
 76 70 83 80 82 83 78 81 71 75 64 67 60 62 56 57 54 54 54 54 53 54 50 52
 44 48 40 42 35 38 30 33 26 28 25 25 24 25 24 24 23 23 21 22 19 20 18 19
 16 17 15 16 15 15 17 14]"
2024-10-10 14:16:50.817537,"(19.58, 13.7263)","(1713, 2733)","[27 29 22 25 19 21 21 20 22 22 22 22 21 22 18 20 16 17 16 16 14 15 13 13
 12 12 11 11 10 10 11 11 11 11 10 10 12 11 12 12 12 12 11 11 10 10 10 10
 11 10 11 11 11 11 12 12 12 12 20 16 23 21 30 26 39 36 40 40 45 42 56 49
 73 66 80 78 80 80 77 79 71 74 65 68 57 61 51 53 49 49 52 50 53 52 50 52
 45 47 39 40 36 38 32 34 27 29 26 26 25 26 23 24 22 22 20 21 19 20 18 19
 16 17 15 15 14 15 14 14]"
2024-10-10 14:17:04.590566,"(7.53, 12.9863)","(1607, 2742)","[29 31 26 28 23 24 22 22 23 22 24 23 24 24 22 23 22 22 21 21 19 20 15 18
 12 13 11 11 10 10 11 11 10 11 10 10 12 11 12 12 12 12 11 11 10 10 10 10
 11 10 11 11 11 11 12 12 12 12 19 15 25 22 31 30 35 32 41 38 43 42 50 43
 68 61 75 72 75 75 72 73 67 69 62 65 55 59 49 52 46 47 51 47 54 53 52 54
 48 49 43 46 37 39 34 36 31 32 29 30 28 28 26 27 23 24 20 22 18 19 17 17
 15 16 13 14 12 13 11 12]"
2024-10-10 14:17:18.559020,"(-5.34, 12.8722)","(1534, 2745)","[28 31 26 28 24 25 23 23 24 23 26 25 25 26 24 25 24 24 23 23 21 22 17 19
 13 15 11 11 10 10 11 11 10 11 10 10 12 11 12 12 12 12 11 11 10 10 10 10
 11 10 11 11 11 11 12 12 12 12 19 15 26 22 32 30 35 32 41 38 41 41 47 41
 65 58 72 70 72 72 69 71 65 67 59 62 53 56 47 49 44 45 51 46 55 54 52 54
 48 50 45 47 38 42 35 37 32 33 30 31 28 29 25 26 22 23 20 21 17 18 16 16
 14 15 13 14 12 12 11 12]"
2024-10-10 14:17:32.326213,"(-17.81, 13.4003)","(1444, 2738)","[22 25 20 21 19 20 21 20 23 22 23 24 22 22 19 20 18 18 16 17 14 15 13 13
 12 12 11 11 10 10 11 11 10 11 10 10 12 11 12 12 12 12 11 11 10 10 10 10
 11 10 11 11 11 11 12 12 15 12 16 17 17 16 24 21 31 27 33 33 40 37 47 40
 65 58 72 70 72 72 68 70 63 65 55 60 49 52 44 46 42 41 51 45 54 53 51 53
 46 48 40 44 34 35 30 32 27 28 27 27 26 26 23 25 21 22 18 20 16 17 14 15
 12 13 11 12 10 10  9  9]"
2024-10-10 14:17:46.092731,"(-30.0, 15.0)","(1361, 2719)","[27 30 25 27 24 24 27 26 25 26 23 24 22 22 21 22 20 21 19 20 16 18 13 14
 12 12 11 11 10 10 11 11 10 11 10 10 12 11 12 12 12 12 11 11 10 10 10 10
 11 10 11 11 11 11 18 12 22 20 29 25 34 32 37 36 39 38 45 42 52 48 60 57
 62 63 67 63 67 68 62 65 57 59 54 55 49 52 44 47 42 42 44 42 46 45 45 46
 42 43 35 36 33 34 30 32 27 29 24 26 21 23 19 20 18 18 16 17 15 16 14 14
 12 13 11 11 11 11 11 11]"
2024-10-10 14:17:59.653594,"(-40.42, 13.7262)","(1295, 2736)","[19 16 20 21 20 20 22 21 24 24 23 23 21 22 17 19 16 17 16 16 14 15 13 13
 12 12 11 11 10 10 11 11 10 11 10 10 12 11 12 12 12 12 11 11 10 10 10 10
 11 10 11 11 11 11 12 12 14 12 17 17 20 19 27 24 32 30 32 33 40 36 48 44
 59 53 67 64 66 67 61 64 55 58 50 52 44 47 38 41 40 36 50 45 52 52 49 52
 44 46 37 41 31 33 27 29 24 25 22 23 21 21 19 20 17 18 15 16 13 14 11 12
  9 10  8  8  9  9  9  9]"
2024-10-10 14:18:13.420999,"(-52.47, 12.9863)","(1213, 2743)","[23 24 24 24 22 23 23 22 25 24 25 25 25 25 24 24 24 24 22 23 20 22 16 18
 12 13 11 11 10 10 11 11 10 11 10 10 12 11 12 12 12 12 11 11 10 10 10 10
 11 10 11 11 11 11 12 12 12 12 11 11 19 16 24 22 26 25 32 28 35 34 41 35
 58 52 64 62 64 64 60 62 54 57 49 52 44 46 38 40 40 36 51 44 54 53 52 54
 47 50 42 45 34 40 33 34 30 31 28 29 26 27 23 25 20 21 17 18 14 15 12 13
 10 11  9  9  9  9  9  9]"
2024-10-10 14:18:27.389158,"(-65.34, 12.8722)","(1120, 2743)","[25 25 25 26 24 24 24 24 25 24 28 26 27 28 26 27 26 26 25 25 23 24 19 21
 14 16 12 13 11 11 11 11 10 11 10 10 12 11 12 12 12 12 11 11 10 10 10 10
 11 10 11 11 11 11 12 12 12 12 11 11 20 17 25 23 27 25 32 29 33 33 41 35
 56 50 62 60 61 62 57 60 52 55 46 49 41 43 35 37 37 34 49 42 54 52 52 53
 48 51 42 45 34 40 33 34 30 31 28 29 26 27 24 25 21 22 17 19 15 16 14 14
 12 13 12 12 12 12 11 11]"
2024-10-10 14:18:41.156475,"(-77.81, 13.4004)","(1007, 2738)","[21 11 22 23 21 22 22 21 26 25 26 26 24 25 23 24 22 23 20 21 16 18 14 15
 13 13 12 12 11 11 11 11 10 11 10 10 12 11 12 12 12 12 11 11 10 10 10 10
 11 10 11 11 11 11 12 12 17 12 17 18 10 16  9 10 15  9 21 18 32 26 40 34
 54 48 60 58 60 60 56 58 48 53 42 44 37 40 31 34 35 29 48 41 52 51 51 52
 47 50 40 44 31 37 30 31 27 28 25 26 23 24 20 21 18 19 15 16 13 14 11 12
 10 11  9  9  9  9  9  9]"
2024-10-10 14:18:54.922115,"(-90, 15.0)","(872, 2722)","[22 11 24 25 24 24 27 26 25 26 24 25 23 23 24 24 23 23 20 22 18 19 16 17
 15 16 13 14 11 12 11 11 10 11 10 10 12 11 12 12 12 12 11 11 10 10 10 10
 11 10 11 11 11 11 12 12 12 12 11 11 15 10 20 18 25 23 27 27 26 26 39 32
 52 46 59 56 59 59 56 58 51 54 44 48 39 41 36 37 38 36 50 42 55 53 53 54
 49 52 45 47 42 44 33 39 30 32 26 28 22 24 19 20 17 17 15 16 14 14 13 13
 11 12 10 11  9 10  9  9]"
2024-10-10 14:19:30.730283,"(79.58, -13.7263)","(2589, 3034)","[20  6 20 21 20 20 20 21 20 19 22 22 21 22 17 19 16 17 16 16 14 15 13 13
 12 12 11 11 10 10 11 11 10 11 10 10 12 11 12 12 12 12 11 11 10 10 10 10
 11 10 11 11 11 11 17 12 21 20 22 21 23 22 33 28 38 36 41 40 40 40 35 38
 29 31 27 28 24 26 18 23 17 18 16 17 14 15 13 14 13 13 14 14 19 18 19 19
 20 19 19 20 21 15 30 27 32 32 29 31 24 27 17 22 16 17 15 15 13 14 12 12
 11 11 10 11 10 10  9  9]"
2024-10-10 14:19:45.513460,"(67.53, -12.9863)","(2384, 3027)","[19  4 20 21 20 20 20 20 20 19 22 22 21 22 17 19 16 17 16 16 14 15 13 13
 12 12 11 11 10 10 11 11 10 11 10 10 12 11 12 12 12 12 11 11 10 10 10 10
 11 10 11 11 11 11 12 12 20 12 32 27 34 33 32 33 31 31 31 31 28 30 25 27
 22 23 21 21 16 21 15 16 15 15 13 14 12 13 11 11 19 11 27 23 28 28 28 28
 29 28 30 30 29 29 29 29 28 29 26 28 18 24 17 18 16 17 13 14 12 12 11 11
 16 11 17 17 11 16 11 11]"
2024-10-10 14:19:59.481308,"(54.66, -12.8722)","(2163, 3025)","[19  8 20 21 20 20 20 20 20 19 22 22 21 22 17 19 16 17 16 16 14 15 13 13
 12 12 11 11 10 10 11 11 10 11 10 10 12 11 12 12 12 12 11 11 10 10 10 10
 11 10 11 11 11 11 17 12 31 23 40 36 40 40 38 39 42 38 47 45 46 47 41 44
 34 37 28 30 20 26 19 20 17 18 16 17 22 20 23 23 21 23 17 17 16 16 19 16
 24 23 23 24 31 27 37 35 39 39 38 38 35 36 32 34 28 31 21 22 19 20 16 17
 14 15 13 13 12 12 11 12]"
2024-10-10 14:20:14.267186,"(42.19, -13.4003)","(1973, 3032)","[19  6 20 21 20 20 20 20 20 19 22 22 21 22 17 19 16 17 16 16 14 15 13 13
 12 12 11 11 10 10 11 11 10 11 10 10 12 11 12 12 12 12 11 11 10 10 10 10
 11 10 11 11 11 11 15 12 22 19 28 25 35 31 37 36 37 37 37 37 36 37 32 35
 26 29 22 24 17 17 16 16 19 15 29 24 34 32 34 34 32 34 29 30 28 28 28 29
 27 28 25 26 27 26 29 29 28 29 26 27 22 22 21 22 19 20 18 18 17 17 17 17
 17 17 16 16 15 16 13 14]"
2024-10-10 14:20:28.033303,"(30.0, -15.0)","(1824, 3050)","[19  9 20 21 20 20 20 20 20 19 22 22 21 22 17 19 16 17 16 16 14 15 13 13
 12 12 11 11 11 11 11 11 11 11 11 11 12 12 12 12 12 12 11 11 10 10 10 10
 11 10 11 11 11 11 19 12 30 26 35 34 33 34 30 32 31 28 33 33 30 32 30 29
 35 32 37 37 35 36 31 33 29 30 31 30 31 31 32 31 33 32 32 33 35 34 34 35
 32 33 30 31 24 25 24 24 23 23 21 22 19 20 16 18 15 15 14 14 14 14 14 14
 13 13 13 13 13 13 12 13]"
2024-10-10 14:20:41.605121,"(19.58, -13.7262)","(1714, 3035)","[19 13 20 21 19 20 20 20 20 19 22 22 21 22 17 19 16 17 16 16 14 15 13 13
 12 12 11 11 10 10 11 11 10 11 10 10 12 11 12 12 12 12 11 11 10 10 10 10
 11 10 11 11 11 11 12 12 12 12 11 11 10 10 12 10 16 14 20 18 29 25 31 30
 35 31 38 37 36 37 32 34 28 30 26 26 28 27 28 28 30 28 30 30 29 30 29 29
 27 28 26 26 20 25 21 20 20 21 17 19 15 16 14 14 20 14 21 22 20 21 15 19
 14 15 13 13 11 12 10 10]"
2024-10-10 14:20:55.371328,"(7.53, -12.9863)","(1607, 3028)","[19  8 20 21 19 20 20 20 20 19 22 22 21 22 17 19 16 17 16 16 14 15 13 13
 12 12 12 12 13 13 11 12 10 11 10 10 12 11 12 12 12 12 11 11 10 10 10 10
 11 10 11 11 11 11 12 12 12 12 11 11 10 10  9 10  9  9 10  9 11 11 10 11
 14  9 15 15 12 15 13 12 19 15 31 25 36 34 34 36 31 32 34 32 35 35 34 35
 33 34 32 32 32 32 32 32 30 31 28 29 21 26 19 20 16 17 14 15 13 14 12 13
 11 12 11 11 18 16 19 18]"
2024-10-10 14:21:09.339719,"(-5.34, -12.8721)","(1533, 3027)","[19 13 20 21 19 20 20 20 20 19 22 22 21 22 17 19 16 17 16 16 14 15 13 13
 12 12 12 12 12 13 11 12 10 11 10 10 12 11 12 12 12 12 11 11 10 10 10 10
 11 10 11 11 11 11 12 12 12 12 11 11 10 10  9 10  9  9 10  9 11 11 10 11
 19  9 25 23 25 25 23 23 27 24 29 28 31 30 31 31 31 31 34 32 38 36 39 39
 39 39 38 39 34 36 30 32 27 28 22 22 20 21 18 19 15 17 14 14 14 14 14 14
 13 14 13 13 21 18 21 21]"
2024-10-10 14:21:24.128317,"(-17.81, -13.4003)","(1423, 3031)","[19  9 20 21 19 20 20 20 20 19 22 22 21 22 17 19 16 17 16 16 14 15 13 13
 12 12 11 11 10 10 11 11 10 11 10 10 12 11 12 12 12 12 11 11 10 10 10 10
 11 10 11 11 11 11 12 12 12 12 11 11 10 10  9 10 17  9 24 21 26 25 25 25
 30 26 34 33 33 34 36 33 42 41 42 43 41 42 39 40 38 38 37 37 36 36 34 35
 33 33 32 32 30 31 29 30 29 29 31 30 31 31 30 31 25 30 24 25 22 23 19 20
 17 18 16 16 15 15 20 15]"
2024-10-10 14:21:37.896633,"(-30.0, -15.0)","(1360, 3049)","[21 22 20 21 19 20 20 20 20 19 22 22 21 22 17 19 16 17 16 16 14 15 13 13
 12 12 11 11 10 10 11 11 10 11 10 10 12 11 12 12 12 12 11 11 10 10 10 10
 11 10 11 11 11 11 12 12 12 12 11 11 10 10  9 10  9  9 10  9 17 16 23 18
 39 30 52 47 56 54 55 55 51 54 46 48 44 45 43 44 40 42 38 39 37 38 35 36
 33 34 32 33 27 31 34 27 41 39 42 42 39 40 35 37 30 35 29 29 27 28 25 26
 23 24 22 22 20 21 19 20]"
2024-10-10 14:21:51.458777,"(-40.42, -13.7262)","(1295, 3035)","[19 15 20 21 19 20 19 20 20 19 22 22 21 22 17 19 16 17 16 16 14 15 13 13
 12 12 11 11 10 10 11 11 10 11 10 10 12 11 12 12 12 12 11 11 10 10 10 10
 11 10 11 11 11 11 12 12 12 12 11 11 10 10  9 10  9  9 10  9 19 15 30 23
 46 39 55 52 58 57 57 57 55 56 49 52 42 45 36 39 31 34 27 29 23 24 22 23
 20 20 28 24 28 28 31 28 39 36 40 40 38 39 35 36 33 34 32 32 32 32 31 32
 25 29 23 24 20 22 18 19]"
2024-10-10 14:22:05.224952,"(-52.47, -12.9863)","(1213, 3028)","[19  7 20 21 19 20 19 20 20 19 22 22 21 22 17 19 16 17 16 16 14 15 13 13
 12 12 11 11 10 10 11 11 10 11 10 10 12 11 12 12 12 12 11 11 10 10 10 10
 11 10 11 11 11 11 12 12 12 12 11 11 11 10 27 20 37 34 38 38 35 37 31 33
 31 30 39 34 45 43 45 46 42 45 37 40 35 36 34 34 33 34 32 33 31 32 30 30
 33 30 38 36 38 38 37 37 33 35 27 27 25 26 22 24 20 21 18 19 17 17 15 16
 14 15 12 13 10 11  9  9]"
2024-10-10 14:22:19.195964,"(-65.34, -12.8722)","(1119, 3027)","[19  7 20 21 19 20 19 20 20 19 22 22 21 22 17 19 16 17 16 16 14 15 13 13
 12 12 11 11 10 10 11 11 10 11 10 10 12 11 12 12 12 12 11 11 10 10 10 10
 11 10 11 11 11 11 12 12 12 12 11 11 10 10  9 10  9  9 10  9 11 11 15 11
 19 18 18 19 12 17 13 12 14 15 13 14 18 17 17 18 16 17 18 16 24 21 27 26
 32 28 43 37 45 45 42 43 41 42 38 40 34 36 29 31 22 26 21 22 19 20 16 17
 13 15 11 12 10 11  9 10]"
2024-10-10 14:22:32.961949,"(-77.81, -13.4004)","(1007, 3034)","[19 10 20 21 19 20 19 20 20 19 22 22 21 22 17 19 16 17 16 16 14 15 13 13
 12 12 11 11 10 10 11 11 10 11 10 10 12 11 12 12 12 12 11 11 10 10 10 10
 11 10 11 11 11 11 12 12 12 12 11 11 10 10  9 10  9  9 10  9 11 11 13 11
 16 16 16 17 12 15 13 12 14 15 13 14 12 13 11 11 10 10 10 10  9 10 13  9
 20 16 28 24 31 30 31 31 30 31 29 30 26 28 22 24 15 20 15 15 13 14 11 12
 10 11  9  9  9  9  9  9]"
2024-10-10 14:23:08.567703,"(90, 18.0)","(2741, 2691)","[19  8 20 21 21 20 24 24 22 23 22 22 23 23 22 23 20 21 18 18 17 18 15 16
 13 14 12 12 10 11 11 11 10 11 10 10 12 11 12 12 12 12 11 11 10 10 10 10
 11 10 11 11 11 11 12 12 12 12 11 11 10 10  9 10 14  9 17 15 21 19 27 23
 36 32 42 39 43 43 40 42 38 39 37 38 38 38 41 40 48 40 54 53 54 54 51 53
 48 49 43 46 38 41 30 35 29 29 27 28 26 27 24 25 22 23 20 21 17 19 15 16
 14 14 13 13 12 12 10 11]"
2024-10-10 14:23:21.927667,"(81.45, 16.6856)","(2619, 2704)","[21 22 20 21 23 21 26 25 25 26 23 24 22 22 22 22 22 23 20 21 15 17 13 14
 12 12 11 11 11 10 12 12 10 12 10 10 12 11 12 12 12 12 11 11 10 10 10 10
 11 10 11 11 11 11 12 12 12 12 11 11 14 10 21 18 26 24 27 27 29 27 43 36
 55 50 61 59 60 61 57 59 52 54 48 49 44 46 46 42 58 53 62 61 60 61 56 58
 52 54 48 50 44 46 36 41 35 36 33 34 30 32 27 29 24 26 20 22 17 18 15 15
 14 15 14 14 13 13 12 12]"
2024-10-10 14:23:35.489623,"(71.69, 15.8001)","(2454, 2713)","[19 19 20 21 22 21 25 24 23 24 23 23 21 22 19 20 19 19 17 18 15 16 13 14
 12 12 11 11 10 10 11 11 10 11 10 10 12 11 12 12 12 12 11 11 10 10 10 10
 11 10 11 11 11 11 12 12 18 12 24 21 26 25 33 29 38 36 39 40 40 39 54 48
 66 61 72 70 71 72 67 70 59 65 53 55 50 51 52 49 61 57 63 63 62 63 57 59
 51 53 48 49 41 46 38 40 34 36 30 32 26 28 23 24 20 21 17 18 15 16 13 14
 13 13 13 13 13 13 13 13]"
2024-10-10 14:23:49.051673,"(61.12, 15.4174)","(2270, 2717)","[19 12 20 21 21 20 25 24 23 24 22 22 21 22 18 19 16 17 16 16 15 15 13 14
 12 12 11 11 10 10 11 11 10 11 10 10 12 11 12 12 12 12 11 11 10 10 10 10
 11 10 16 15 19 18 18 18 21 17 30 25 32 31 38 35 44 41 45 45 47 45 60 53
 72 67 78 76 77 78 73 76 66 71 59 62 55 57 54 54 60 57 63 62 61 62 56 59
 49 52 43 43 40 42 36 38 31 33 27 29 25 26 22 23 20 21 18 19 17 17 15 16
 14 14 13 14 13 13 12 12]"
2024-10-10 14:24:02.613562,"(50.4, 15.5746)","(2095, 2717)","[19  7 20 21 22 21 25 25 24 25 23 23 21 22 19 20 18 18 17 17 16 17 14 15
 12 12 11 11 10 10 11 11 10 11 12 11 23 19 26 25 24 26 20 22 13 14 11 12
 11 10 21 17 23 23 21 22 25 21 33 29 36 35 42 39 47 45 48 48 50 48 62 56
 74 69 80 78 80 80 76 78 68 73 62 64 58 60 56 56 58 55 60 60 59 60 55 57
 48 52 42 44 38 40 35 37 31 33 27 29 25 26 23 24 22 23 20 21 18 19 16 17
 16 16 16 16 15 15 20 15]"
2024-10-10 14:24:16.178426,"(40.23, 16.2562)","(1949, 2707)","[19 11 20 21 21 20 26 25 25 25 23 24 21 22 17 19 16 17 16 16 14 15 13 13
 12 12 11 11 10 10 11 11 10 11 10 10 24 18 28 27 27 28 24 26 20 22 14 19
 13 13 19 16 23 22 22 23 23 21 31 26 35 33 41 38 46 44 47 47 47 46 62 54
 75 69 81 79 81 81 77 79 70 74 63 66 58 60 55 56 55 54 56 55 55 56 52 54
 47 50 41 43 37 39 34 35 30 32 26 28 24 25 21 23 21 21 21 21 20 20 19 20
 18 19 18 18 16 17 19 16]"
2024-10-10 14:24:29.739776,"(30.0, 18.0)","(1824, 2690)","[27 30 25 27 25 25 26 26 23 25 22 22 22 22 20 21 17 19 16 16 15 15 13 14
 12 12 11 11 11 11 11 11 10 11 10 10 19 15 24 22 23 24 21 22 18 19 17 17
 12 16 18 16 18 18 20 18 22 22 27 24 34 31 40 37 46 44 47 48 49 47 64 57
 74 70 77 76 76 77 70 74 63 66 58 60 52 55 45 48 39 42 37 38 34 35 30 32
 27 29 25 26 23 24 21 22 20 21 19 20 19 19 18 18 17 17 17 17 16 16 20 16
 22 22 21 22 17 17 16 16]"
2024-10-10 14:24:44.118694,"(21.45, 16.6856)","(1732, 2703)","[22 24 20 21 22 21 25 24 24 25 23 23 22 22 20 21 18 19 16 17 14 15 13 13
 12 12 11 11 11 11 11 11 10 11 11 10 21 17 25 24 24 25 20 22 13 19 13 13
 12 13 19 16 21 20 20 21 18 19 22 19 32 27 38 35 44 41 49 47 49 49 55 49
 73 66 81 79 81 81 77 79 68 74 61 64 56 59 50 53 45 47 41 41 40 40 39 40
 38 39 36 37 33 35 30 32 26 28 23 24 20 21 18 19 17 17 17 17 16 16 16 16
 16 16 15 16 14 15 18 14]"
2024-10-10 14:24:57.679831,"(11.69, 15.8)","(1641, 2712)","[27 29 21 25 22 21 26 25 25 26 23 24 21 22 17 19 17 17 16 16 14 15 13 13
 12 12 11 11 12 11 11 12 10 11 15 11 24 21 27 26 25 26 21 23 16 16 14 15
 13 14 21 17 24 23 24 24 23 23 32 26 38 35 40 39 45 42 50 48 52 51 60 58
 70 60 81 78 81 82 77 80 69 74 63 66 59 61 54 57 48 51 43 43 42 42 41 42
 40 41 38 39 34 36 30 32 26 28 23 25 22 23 20 21 19 20 18 19 17 18 16 16
 16 16 16 16 15 16 18 15]"
2024-10-10 14:25:11.244075,"(1.12, 15.4173)","(1558, 2716)","[28 30 24 27 23 23 26 25 25 26 23 24 22 22 20 20 20 20 18 19 15 17 13 14
 12 12 11 11 10 10 11 11 10 11 11 10 21 17 25 24 22 25 20 20 13 19 13 13
 12 13 19 16 20 19 24 22 26 26 34 28 39 37 42 40 47 44 51 49 55 53 63 61
 69 62 79 74 79 79 74 77 67 70 63 65 58 61 53 56 47 49 42 42 41 42 40 41
 39 40 36 38 33 35 29 31 25 27 23 24 21 22 20 20 20 20 20 20 19 20 18 18
 17 17 16 17 16 16 18 15]"
2024-10-10 14:25:24.805143,"(-9.6, 15.5746)","(1501, 2714)","[30 33 27 29 25 25 26 26 25 26 23 24 21 22 19 20 20 19 19 20 15 17 13 14
 12 12 11 11 10 10 11 11 10 11 10 10 19 15 24 23 21 23 18 19 12 17 12 12
 12 12 18 16 21 19 23 21 26 26 32 27 38 36 40 39 44 41 50 47 57 53 66 63
 67 67 76 69 76 77 72 74 65 68 61 63 57 59 51 54 46 48 41 41 40 40 38 39
 37 38 35 36 31 33 27 29 23 25 20 21 17 18 16 16 16 16 16 16 16 16 16 16
 16 16 15 15 15 15 15 15]"
2024-10-10 14:25:38.369218,"(-19.77, 16.2562)","(1410, 2706)","[33 35 29 32 26 28 26 26 24 25 23 24 22 23 20 21 19 19 18 18 15 17 13 14
 12 12 11 11 10 10 11 11 10 11 10 10 12 11 12 12 18 12 20 20 18 19 17 17
 16 16 11 11 11 11 12 12 19 12 26 23 34 30 40 38 40 42 47 41 60 53 71 67
 72 73 70 71 69 70 66 68 61 64 56 59 51 53 46 49 42 44 37 38 36 36 34 35
 32 33 31 31 29 30 27 28 24 25 22 23 20 21 18 18 17 17 17 17 16 16 15 15
 15 15 15 15 14 15 13 13]"
2024-10-10 14:25:51.936267,"(-30.0, 18.0)","(1359, 2689)","[28 31 23 26 23 22 24 24 22 23 22 22 21 22 18 20 18 18 17 18 14 16 13 14
 12 12 11 11 10 10 11 11 10 11 10 10 12 11 13 12 19 18 19 20 16 18 15 15
 11 14 11 11 16 11 21 19 27 24 33 31 39 36 44 42 45 46 44 45 59 51 70 65
 73 73 71 72 65 68 61 63 56 59 50 53 44 47 36 41 33 35 31 32 28 29 26 27
 24 25 22 23 20 21 19 20 17 18 16 16 16 16 16 16 16 16 15 15 14 15 17 14
 19 20 14 14 14 14 14 14]"
2024-10-10 14:26:05.294589,"(-38.55, 16.6856)","(1308, 2701)","[25 28 21 24 22 21 24 24 22 24 22 22 23 23 23 23 21 22 19 20 17 18 15 16
 12 13 11 11 10 10 11 11 10 11 10 10 12 11 12 12 12 12 11 11 10 10 10 10
 11 10 11 11 11 11 12 12 19 12 26 23 31 29 37 35 38 39 40 38 56 47 66 62
 69 69 65 68 61 63 57 59 54 55 49 51 42 45 38 40 33 37 32 33 31 31 30 30
 29 29 29 29 29 29 27 28 25 26 23 24 21 22 19 20 17 18 15 16 14 14 13 13
 12 12 12 12 11 11 16 11]"
2024-10-10 14:26:18.858729,"(-48.31, 15.8)","(1242, 2709)","[23 26 22 23 20 21 24 23 23 24 23 23 21 22 17 19 16 17 16 16 14 15 13 13
 12 12 11 11 10 11 11 11 10 11 10 10 12 11 12 12 12 12 11 11 10 10 10 10
 11 10 11 11 11 11 12 12 12 12 11 11 20 16 24 23 25 24 35 28 47 42 57 54
 59 60 57 58 57 57 54 55 49 52 44 47 41 42 38 39 36 37 42 37 48 45 46 47
 42 44 38 40 32 37 31 32 29 30 25 27 22 23 19 20 17 18 16 17 14 15 13 14
 12 13 12 12 12 12 18 12]"
2024-10-10 14:26:32.420049,"(-58.88, 15.4174)","(1165, 2714)","[20 16 21 22 22 21 27 26 27 27 25 26 22 23 22 21 23 22 22 22 17 19 13 15
 12 12 11 11 10 10 11 11 10 11 10 10 12 11 12 12 12 12 11 11 10 10 10 10
 11 10 11 11 11 11 12 12 12 12 11 11 18 15 22 19 28 24 32 31 34 33 41 39
 48 41 58 54 58 59 55 57 49 52 44 46 41 42 38 39 39 37 49 42 54 52 52 53
 48 50 43 45 39 41 33 37 30 32 26 29 22 24 19 20 16 17 14 15 12 13 12 12
 12 12 11 12 11 11 15 11]"
2024-10-10 14:26:45.983551,"(-69.6, 15.5747)","(1080, 2712)","[20  8 21 22 24 22 28 27 27 28 26 26 22 24 21 21 23 22 23 24 18 21 15 16
 12 14 11 11 10 10 11 11 10 11 11 10 12 12 12 12 12 12 11 11 10 10 10 10
 11 10 11 11 11 11 12 12 16 12 16 17 19 18 23 22 26 24 27 27 27 26 38 31
 52 46 60 58 60 61 57 59 52 55 47 50 43 45 40 42 41 39 51 45 56 54 54 56
 50 53 45 48 39 42 34 37 30 32 26 28 22 24 19 20 17 18 16 16 14 15 14 14
 14 14 14 14 14 14 13 13]"
2024-10-10 14:26:59.545766,"(-79.77, 16.2562)","(983, 2704)","[20 12 21 22 24 22 26 26 25 26 24 25 23 24 20 21 20 20 19 19 16 18 14 15
 12 13 11 12 11 11 11 11 12 11 13 13 12 13 12 12 12 12 11 11 10 10 10 10
 11 10 11 11 11 11 12 12 12 12 16 16 15 16 17 16 22 17 28 26 30 29 42 35
 54 49 61 59 61 61 59 60 55 57 49 52 45 47 40 43 41 37 53 46 57 56 56 57
 51 54 44 48 35 42 33 34 29 31 25 27 22 23 19 20 17 18 16 17 14 15 16 14
 19 19 14 14 14 14 13 14]"
2024-10-10 14:27:13.111967,"(-90, 18.0)","(870, 2685)","[22 23 21 22 22 21 22 22 21 20 22 22 22 22 20 21 21 20 22 22 17 19 15 16
 12 14 11 11 10 10 11 11 10 11 10 10 12 11 12 12 12 12 11 11 10 10 10 10
 11 10 11 11 11 11 12 12 12 12 11 11 16 13 17 16 19 17 22 21 27 24 41 35
 49 46 51 51 50 51 48 49 45 47 41 43 36 38 34 35 38 33 48 43 53 51 51 52
 46 49 43 45 39 41 30 36 27 29 24 25 22 23 20 21 18 19 16 17 15 15 18 15
 20 21 15 15 15 15 15 15]"
2024-10-10 14:27:49.121364,"(81.45, -16.6856)","(2616, 3064)","[20 10 21 22 20 20 20 21 20 19 22 22 21 22 17 19 16 17 16 16 14 15 13 13
 12 12 11 11 10 10 11 11 10 11 10 10 12 11 12 12 12 12 11 11 10 10 10 10
 11 10 16 13 30 23 37 34 38 38 36 37 33 35 30 31 27 28 26 27 26 26 26 27
 23 26 17 17 17 17 17 17 15 16 14 15 12 13 11 11 11 10 18 16 18 18 17 17
 17 17 17 18 17 17 30 24 34 33 33 33 29 31 25 27 20 23 16 16 14 15 12 13
 10 11  9  9  9  9  9  9]"
2024-10-10 14:28:02.685279,"(71.69, -15.8001)","(2453, 3055)","[20 14 21 22 20 20 20 21 20 19 22 22 21 22 17 19 16 17 16 16 14 15 13 13
 12 12 11 11 10 10 11 11 10 11 10 10 12 11 12 12 12 12 11 11 10 10 10 10
 14 10 30 22 42 37 45 44 44 45 39 42 33 36 30 31 27 28 24 25 25 24 24 25
 22 23 18 18 18 18 17 18 15 16 13 14 12 13 11 11 11 11 22 18 23 23 21 22
 23 21 24 24 23 24 24 23 24 25 23 23 22 22 16 21 15 16 14 15 12 13 10 11
  9  9  8  8  9  9  9  9]"
2024-10-10 14:28:16.251027,"(61.12, -15.4174)","(2270, 3052)","[20  9 21 22 20 20 20 21 20 19 22 22 21 22 17 19 16 17 16 16 14 15 13 13
 12 12 11 11 10 10 11 11 10 11 10 10 12 11 12 12 12 12 11 11 10 10 10 10
 16 10 24 20 31 28 33 33 32 32 31 31 32 32 30 31 26 28 25 25 23 24 20 21
 15 18 14 14 12 13 13 12 14 15 13 14 12 13 19 11 30 26 34 33 33 34 30 31
 29 30 27 29 27 26 30 29 31 31 30 31 29 30 26 28 20 24 18 19 16 17 14 15
 12 12 11 11 10 11  9 10]"
2024-10-10 14:28:30.314710,"(50.4, -15.5746)","(2096, 3053)","[20 11 21 22 20 20 20 21 20 19 22 22 21 22 17 19 16 17 16 16 14 15 13 13
 12 12 11 11 10 10 11 11 10 11 10 10 12 11 12 12 12 12 11 11 10 10 10 10
 11 10 16 13 24 21 30 27 36 34 39 38 38 39 35 37 29 33 26 27 23 25 16 21
 16 16 16 16 15 15 15 15 14 15 20 16 26 24 28 27 29 29 26 28 25 26 24 24
 24 24 28 25 34 32 34 34 39 35 43 42 41 42 37 39 32 35 27 30 22 23 19 21
 17 18 14 15 12 13 11 12]"
2024-10-10 14:28:43.880964,"(40.23, -16.2562)","(1950, 3057)","[20  8 21 22 20 20 20 20 20 19 22 22 21 22 17 19 16 17 16 16 14 15 13 13
 12 12 11 11 10 10 12 11 12 12 10 11 12 11 12 12 12 12 11 11 10 10 10 10
 11 10 11 11 18 16 25 21 32 30 37 35 37 37 36 37 32 34 27 29 23 25 16 22
 23 16 25 24 24 25 17 22 25 17 33 29 33 33 31 31 35 33 36 36 34 35 32 33
 28 31 22 23 23 22 29 27 32 31 33 33 32 33 29 31 23 28 23 23 21 22 18 20
 16 17 14 15 13 14 12 12]"
2024-10-10 14:28:57.443965,"(30.0, -18.0)","(1824, 3077)","[20  9 21 22 20 20 20 20 20 19 22 22 21 22 17 19 16 17 16 16 14 15 13 13
 12 12 17 13 19 18 18 19 16 18 14 15 12 13 12 12 12 12 11 11 10 10 10 10
 11 10 11 11 24 20 29 27 32 31 31 32 31 31 32 32 30 32 26 29 21 24 15 19
 16 15 21 21 16 20 20 16 31 25 38 36 38 38 36 36 35 35 36 35 35 35 32 33
 30 30 29 29 23 28 23 23 23 23 22 23 21 22 20 21 17 18 16 16 15 15 15 15
 14 14 12 13 11 12 11 11]"
2024-10-10 14:29:11.305271,"(21.45, -16.6856)","(1733, 3063)","[20 11 21 22 20 20 20 20 20 19 22 22 21 22 17 19 16 17 16 16 14 15 13 13
 12 12 16 13 17 17 15 16 12 13 12 12 12 12 12 12 12 12 11 11 10 10 10 10
 11 10 11 11 11 11 12 12 17 12 26 22 29 28 30 29 30 30 29 30 27 28 25 26
 28 24 33 31 33 33 29 31 26 27 24 25 18 23 25 18 32 31 32 32 35 33 34 35
 31 33 30 30 28 29 22 27 23 23 22 22 20 21 17 19 15 16 14 14 13 13 12 12
 10 11  9 10  9  9  9  9]"
2024-10-10 14:29:24.867410,"(11.69, -15.8)","(1642, 3056)","[20  9 21 22 20 20 20 20 20 19 22 22 21 22 17 19 16 17 16 16 14 15 13 13
 12 12 11 11 10 10 11 11 10 11 10 10 12 11 12 12 12 12 11 11 10 10 10 10
 11 10 11 11 11 11 12 12 12 12 11 11 10 10  9 10  9  9 16 13 18 18 17 17
 19 16 26 22 30 28 28 29 26 26 33 28 34 34 32 34 31 31 30 31 29 30 29 28
 31 30 30 30 28 29 27 28 26 27 24 25 19 20 17 18 14 15 12 13 10 11  8  9
  7  7  8  7  9  9  9  9]"
2024-10-10 14:29:38.432908,"(1.12, -15.4173)","(1556, 3051)","[20 11 21 22 20 20 20 20 20 19 22 22 21 22 17 19 16 17 16 16 14 15 13 13
 12 12 11 11 10 10 11 11 10 11 10 10 12 11 12 12 12 12 11 11 10 10 10 10
 11 10 11 11 11 11 12 12 12 12 11 11 10 10  9 10  9  9 10  9 11 11 10 11
 15  9 19 18 19 19 13 18 14 15 13 14 12 13 16 11 30 23 37 35 37 37 35 36
 34 34 35 35 33 34 31 32 31 31 30 31 26 28 20 24 20 20 19 20 17 18 15 16
 13 14 12 13 12 12 11 11]"
2024-10-10 14:29:52.996712,"(-9.6, -15.5746)","(1497, 3052)","[20 12 21 22 20 20 20 20 20 19 22 22 21 22 17 19 16 17 16 16 14 15 13 13
 12 12 12 11 14 13 12 13 10 11 10 10 12 11 12 12 12 12 11 11 10 10 10 10
 11 10 11 11 11 11 12 12 12 12 11 11 10 10  9 10  9  9 10  9 11 11 14 11
 22 18 24 24 22 23 22 22 24 22 23 25 25 24 26 25 27 26 27 28 31 29 34 30
 45 41 48 48 46 47 40 43 33 36 32 32 32 32 29 31 23 26 22 23 22 22 22 22
 20 21 17 18 15 16 18 15]"
2024-10-10 14:30:07.575287,"(-19.77, -16.2562)","(1413, 3060)","[20 12 21 22 20 20 20 20 20 19 22 22 21 22 17 19 16 17 16 16 14 15 13 13
 12 12 13 12 13 13 11 12 10 11 10 10 12 11 12 12 12 12 11 11 10 10 10 10
 11 10 11 11 11 11 12 12 12 12 11 11 10 10  9 10 14  9 17 16 19 18 27 23
 34 32 36 36 41 39 41 41 42 41 40 41 38 39 38 37 40 39 41 41 41 41 40 40
 38 39 37 38 36 36 34 35 32 33 27 27 27 27 27 27 26 27 25 26 27 25 31 30
 25 30 23 25 21 22 31 26]"
2024-10-10 14:30:21.138264,"(-30.0, -18.0)","(1359, 3078)","[20  9 21 22 20 20 20 20 20 19 22 22 21 22 17 19 16 17 16 16 14 15 13 13
 12 12 11 11 10 10 11 11 10 11 10 10 12 11 12 12 12 12 11 11 10 10 10 10
 11 10 11 11 11 11 12 12 12 12 11 11 11 10 17 14 24 21 29 27 34 32 37 37
 40 37 48 43 51 50 50 51 48 49 45 47 44 44 43 43 41 42 39 40 38 38 34 36
 32 33 27 27 27 27 26 27 26 26 25 25 25 25 25 25 25 25 25 25 24 24 23 23
 22 22 21 22 20 21 19 19]"
2024-10-10 14:30:34.500309,"(-38.55, -16.6856)","(1308, 3064)","[20 12 21 22 20 20 20 20 20 19 22 22 21 22 17 19 16 17 16 16 14 15 13 13
 12 12 11 11 10 10 11 11 10 11 10 10 12 11 12 12 12 12 11 11 10 10 10 10
 11 10 11 11 11 11 12 12 12 12 11 11 10 10 15 10 23 19 32 27 36 34 42 38
 48 46 52 50 59 56 60 60 58 60 52 56 46 49 39 42 35 37 32 33 27 27 26 26
 25 25 23 24 21 22 26 21 35 31 38 37 37 38 35 36 32 33 29 30 24 24 23 23
 21 22 18 20 16 17 14 15]"
2024-10-10 14:30:48.062752,"(-48.31, -15.8)","(1241, 3054)","[20 17 21 22 20 20 20 20 20 19 22 22 21 22 17 19 16 17 16 16 14 15 13 13
 12 12 11 11 10 10 11 11 10 11 10 10 12 11 12 12 12 12 11 11 10 10 10 10
 11 10 11 11 11 11 12 12 12 12 17 12 26 22 30 29 29 30 29 29 27 28 27 24
 39 33 44 43 44 44 47 46 49 49 47 49 42 45 36 39 32 33 29 31 24 24 24 24
 23 24 20 22 21 20 29 25 36 34 37 37 35 36 32 33 29 31 26 28 22 23 20 21
 18 19 15 16 14 15 13 13]"
2024-10-10 14:31:02.643123,"(-58.88, -15.4174)","(1165, 3050)","[20  9 21 22 20 20 20 20 20 19 22 22 21 22 17 19 16 17 16 16 14 15 13 13
 12 12 11 11 10 10 11 11 10 11 10 10 12 11 12 12 12 12 11 11 10 10 10 10
 11 10 11 11 11 11 12 12 12 12 11 11 13 10 18 15 21 21 19 20 18 19 16 17
 15 15 23 17 25 24 24 25 22 22 20 21 12 18 12 12 12 12 20 18 22 21 24 23
 29 28 30 30 39 34 45 43 45 45 41 43 36 38 33 35 30 31 27 29 23 23 22 23
 20 21 17 19 15 16 13 14]"
2024-10-10 14:31:16.205780,"(-69.6, -15.5747)","(1078, 3052)","[20 11 21 22 20 20 20 20 20 19 22 22 21 22 17 19 16 17 16 16 14 15 13 13
 12 12 11 11 10 10 11 11 10 11 10 10 12 11 12 12 12 12 11 11 10 10 10 10
 11 10 11 11 11 11 12 12 12 12 11 11 10 10  9 10  9  9 10  9 11 11 10 11
 17  9 24 20 25 25 24 25 22 23 20 21 12 18 12 12 11 12 10 11  9 10  9  9
 15 10 23 18 25 24 31 27 35 35 33 34 29 31 24 26 21 22 16 16 15 16 14 15
 12 13 10 12  9 10  9  9]"
2024-10-10 14:31:29.768416,"(-79.77, -16.2562)","(984, 3056)","[20 15 21 21 20 20 20 20 20 19 22 22 21 22 17 19 16 17 16 16 14 15 13 13
 12 12 11 11 10 10 11 11 10 11 10 10 12 11 12 12 12 12 16 14 17 17 17 17
 15 16 11 11 11 11 12 12 12 12 11 11 10 10  9 10  9  9 10  9 11 11 10 11
  9  9 20 15 22 21 21 22 20 21 18 19 12 13 11 11 11 11 10 11  9 10  9  9
 10 10 17 13 21 19 22 19 29 26 31 31 28 29 23 25 19 21 14 14 13 14 11 12
  9 10  9  9  9  9  9  9]"
