Measure Time,Commanded trajectory,Real trajectory,Curve,az LS,5600,el LS,5600
2024-11-22 18:40:36.268525,"(0.0, 0.0)","(5600, 5600)","[23 26 20 22 17 18 17 16 22 19 24 24 22 23 21 22 18 19 16 17 14 15 13 13
 12 12 11 11 10 10 11 11 10 11 11 10 12 12 12 12 12 12 11 11 17 14 19 18
 19 19 17 18 16 17 12 16 12 12 11 11 12 11 12 12 19 12 22 21 24 23 23 24
 23 23 25 23 29 27 34 31 37 36 43 40 47 46 50 48 63 54 75 70 77 77 75 76
 70 73 65 68 58 61 52 55 47 49 41 44 36 38 32 34 28 30 26 27 23 25 21 22
 19 20 17 18 15 16 14 14]"
2024-11-22 18:41:14.289073,"(-90.0, 3.33)","(5600, 5600)","[19 19 19 20 21 20 23 23 22 22 22 22 21 22 19 20 17 18 16 17 14 15 13 13
 12 12 11 11 10 10 11 11 10 11 10 10 12 11 12 12 12 12 11 11 10 10 10 10
 11 10 11 11 11 11 12 12 12 12 11 11 10 10  9 10  9  9 10  9 11 11 10 11
  9  9  9  9 12 11 18 12 21 20 21 21 20 21 25 21 37 30 48 43 52 51 52 52
 49 51 42 46 35 38 29 32 22 27 20 21 17 19 15 16 14 14 13 13 11 12 10 10
  9 10  9  9  9  9  9  9]"
2024-11-22 18:41:44.594344,"(-30.0, 3.33)","(5600, 5600)","[ 16  12  19  20  23  21  26  25  25  26  24  24  22  23  20  21  19  19
  17  18  14  16  13  13  12  12  11  11  10  10  11  11  10  11  10  10
  12  11  12  12  12  12  11  11  10  10  10  10  11  10  11  11  11  11
  12  12  12 124  11  11  10  10   9  10   9   9  10   9  11  11  10  11
   9   9   9   9  12  11  13  12  14  15  23  20  24  24  32  27  45  38
  56  51  58  58  56  58  49  53  43  45  38  41  33  35  27  31  22  24
  19  21  17  18  14  15  13  13  11  12  10  11   9  10   9   9   9   9
   9   9]"
2024-11-22 18:42:14.379737,"(30.0, 3.33)","(5600, 5600)","[16  8 19 19 23 21 26 25 25 25 24 24 22 23 21 22 20 21 18 20 14 16 13 13
 12 12 11 11 10 10 11 11 10 11 10 10 12 11 12 12 12 12 11 11 10 10 10 10
 11 10 11 11 11 11 12 12 12 12 11 11 10 10  9 10  9  9 15 12 17 16 19 19
 18 19 21 19 28 24 27 27 31 27 37 34 37 37 45 40 59 52 69 65 70 70 67 69
 62 64 56 59 51 53 46 49 41 44 35 38 30 32 27 29 23 25 21 22 18 19 15 16
 13 14 12 12 10 11  9 10]"
2024-11-22 18:42:45.177610,"(90.0, 3.33)","(5600, 5600)","[16  9 19 19 23 21 25 25 24 24 23 23 22 22 20 21 19 20 17 19 14 16 13 13
 12 12 11 11 10 10 11 11 10 11 10 10 12 11 12 12 12 12 11 11 10 10 10 10
 11 10 11 11 11 11 12 12 12 12 11 11 10 10  9 10  9  9 10  9 11 11 16 11
 20 16 28 24 28 28 26 27 28 26 33 30 32 32 39 34 53 46 63 59 63 63 59 60
 57 58 51 55 46 48 41 43 38 39 38 37 39 39 37 39 30 35 27 29 24 26 20 22
 17 19 15 16 14 14 12 13]"
2024-11-22 18:43:31.700477,"(-30.0, -3.33)","(5600, 5600)","[18 17 20 20 19 19 24 21 26 26 24 25 24 24 23 23 24 24 23 23 22 23 21 22
 20 21 18 19 16 17 14 15 11 12 10 10 12 11 12 12 12 12 11 11 10 10 10 10
 11 10 11 11 11 11 12 12 12 12 11 11 14 10 17 15 19 19 19 19 18 18 21 20
 23 23 26 24 29 28 33 31 38 36 41 40 45 43 46 45 53 48 62 58 64 63 62 63
 60 61 56 58 50 53 45 47 40 42 36 38 31 33 28 30 25 26 22 23 20 21 19 20
 17 18 17 17 23 21 22 23]"
2024-11-22 18:44:01.482858,"(30.0, -3.33)","(5600, 5600)","[19 20 19 19 18 19 21 19 24 24 23 23 21 22 18 19 17 17 16 16 14 15 13 13
 12 12 11 11 10 10 11 11 10 11 10 10 12 11 12 12 12 12 11 11 10 10 10 10
 11 10 11 11 11 11 12 12 12 12 11 11 10 10  9 10  9  9 10  9 11 11 15 11
 15 15 15 15 12 11 13 12 18 15 25 21 29 27 32 31 41 34 50 46 52 52 51 52
 49 50 46 48 43 44 39 41 34 37 30 32 24 25 22 23 20 21 19 20 18 18 17 17
 16 16 16 16 24 22 23 23]"
2024-11-22 18:44:47.986716,"(-90.0, 6.66)","(5600, 5600)","[16  9 19 19 18 18 18 18 20 19 22 22 21 22 17 19 16 17 16 16 14 15 13 13
 12 12 11 11 10 10 11 11 10 11 10 10 12 11 12 12 12 12 11 11 10 10 10 10
 11 10 11 11 11 11 12 12 12 12 11 11 10 10  9 10  9  9 10  9 11 11 10 11
  9  9  9  9 12 11 13 12 14 15 13 14 12 13 11 11 23 10 39 32 46 43 45 46
 44 45 41 43 39 40 35 37 29 32 24 26 20 20 18 19 15 16 12 14 11 11  9 10
  7  8  8  7  9  9 13  9]"
2024-11-22 18:45:09.240159,"(-60.0, 6.66)","(5600, 5600)","[16  4 19 19 18 18 18 18 20 19 22 22 21 22 17 19 16 17 16 16 14 15 13 13
 12 12 11 11 10 10 11 11 10 11 10 10 12 11 12 12 12 12 11 11 10 10 10 10
 11 10 11 11 11 11 12 12 12 12 11 11 10 10  9 10  9  9 10  9 11 11 10 11
  9  9  9  9 12 11 13 12 14 15 13 14 12 13 18 11 31 23 44 39 50 48 49 50
 45 48 38 41 34 36 31 33 26 29 20 20 17 19 15 16 13 14 11 12  9 10  8  8
  7  7 17 12 21 20 20 21]"
2024-11-22 18:45:30.494401,"(-30.0, 6.66)","(5600, 5600)","[16  8 19 19 18 18 18 18 20 19 22 22 21 22 17 19 16 17 16 16 14 15 13 14
 12 12 11 11 10 10 11 11 10 11 10 10 12 11 12 12 12 12 11 11 10 10 10 10
 11 10 11 11 11 11 12 12 12 12 11 11 10 10  9 10  9  9 10  9 11 11 10 11
  9  9  9  9 12 11 13 12 14 15 13 14 12 13 13 11 25 17 36 31 40 38 38 39
 34 36 32 33 29 30 25 27 22 23 17 17 17 17 17 17 16 16 14 15 11 13 10 10
  8  9  8  8  9  9  9  9]"
2024-11-22 18:45:51.752552,"(0.0, 6.66)","(5600, 5600)","[16  9 19 19 18 18 18 18 20 19 22 22 21 22 17 19 16 17 16 16 15 16 13 14
 12 12 11 11 10 10 11 11 10 11 10 10 12 11 12 12 12 12 11 11 10 10 10 10
 11 10 11 11 11 11 12 12 12 12 11 11 10 10  9 10  9  9 10  9 11 11 12 11
 24 16 35 30 38 37 36 37 31 34 26 28 23 25 21 21 32 22 46 41 51 49 50 51
 47 49 40 44 34 37 31 32 24 29 32 30 32 32 30 32 24 27 20 22 16 18 13 15
 10 11  9  9  9  9  9  9]"
2024-11-22 18:46:13.006174,"(30.0, 6.66)","(5600, 5600)","[17 14 19 19 18 18 18 17 20 19 22 22 21 22 17 19 16 17 16 16 14 15 13 13
 12 12 11 11 10 10 11 11 10 11 10 10 12 11 12 12 12 12 11 11 10 10 10 10
 11 10 11 11 11 11 12 12 12 12 11 11 10 10  9 10  9  9 10  9 11 11 10 11
 16  9 35 24 46 41 47 47 44 47 38 41 33 35 29 30 37 29 48 44 51 50 49 51
 46 48 42 45 36 39 32 34 26 31 34 32 33 34 26 32 23 25 20 22 16 18 13 15
 11 12  9 10  9  9  9  9]"
2024-11-22 18:46:34.254982,"(60.0, 6.66)","(5600, 5600)","[16  9 19 19 18 18 18 17 20 19 22 22 21 22 18 19 20 19 19 20 16 18 13 15
 12 12 11 11 10 10 11 11 10 11 10 10 12 11 12 12 12 12 11 11 10 10 10 10
 11 10 11 11 11 11 12 12 12 12 11 11 10 10  9 10  9  9 10  9 11 11 19 11
 39 31 50 45 51 51 48 50 42 44 38 40 34 36 31 31 42 33 55 50 58 57 56 58
 51 54 43 47 36 39 29 33 29 29 35 33 35 36 29 34 27 29 23 25 19 21 16 17
 13 14 11 12  9 10  9  9]"
2024-11-22 18:46:56.003898,"(90.0, 6.66)","(5600, 5600)","[16  4 19 19 18 18 18 17 20 19 22 22 21 22 19 19 21 21 20 21 18 19 14 16
 12 12 11 11 10 10 11 11 10 11 10 10 12 11 12 12 12 12 11 11 10 10 10 10
 11 10 11 11 11 11 12 12 12 12 11 11 10 10 12 10 15 14 15 15 11 11 21 11
 40 32 50 46 50 51 47 49 41 43 37 39 33 36 30 31 39 30 51 46 55 54 54 55
 48 52 42 45 37 39 28 34 26 26 31 27 33 32 30 32 25 28 22 23 18 20 15 17
 13 14 11 12 10 11  9  9]"
2024-11-22 18:47:50.924456,"(-60.0, -6.66)","(5600, 5600)","[21 22 20 21 19 19 20 21 20 19 22 22 21 22 18 19 16 17 16 16 14 15 13 13
 12 12 11 11 10 10 11 11 10 11 10 10 12 11 12 12 12 12 11 11 10 10 10 10
 11 10 11 11 11 11 12 12 12 12 11 11 10 10  9 10  9  9 10  9 11 11 10 11
 19  9 30 25 33 32 31 32 28 30 26 27 25 26 25 24 38 28 52 47 55 54 53 54
 47 51 40 44 34 37 29 31 24 26 22 23 21 22 20 21 18 19 16 17 21 16 24 23
 23 24 21 22 17 17 16 17]"
2024-11-22 18:48:12.180735,"(-30.0, -6.66)","(5600, 5600)","[16 11 18 19 18 18 19 19 20 19 22 22 22 22 19 21 17 17 16 16 14 15 13 13
 12 12 11 11 10 10 11 11 10 11 10 10 12 11 12 12 12 12 11 11 10 10 10 10
 11 10 11 11 11 11 12 12 12 12 11 11 10 10  9 10  9  9 10  9 11 11 10 11
  9  9 14 12 17 16 13 17 14 15 13 14 19 18 24 20 37 30 48 43 52 50 51 52
 49 51 45 47 39 42 33 36 29 31 25 27 21 22 19 20 17 18 15 16 24 20 30 28
 30 30 28 29 25 27 18 23]"
2024-11-22 18:48:33.433448,"(0.0, -6.66)","(5600, 5600)","[18 19 18 19 18 18 18 18 20 19 22 22 21 22 17 19 16 17 16 16 14 15 13 13
 12 12 11 11 10 10 11 11 10 11 10 10 12 11 12 12 12 12 11 11 10 10 10 10
 11 10 11 11 11 11 12 12 12 12 11 11 10 10  9 10  9  9 10  9 11 11 10 11
  9  9  9  9 12 11 13 12 14 15 13 14 20 17 30 25 37 33 45 41 51 48 53 53
 53 53 48 51 43 46 38 41 31 35 26 28 21 23 19 20 18 18 25 23 25 25 25 25
 25 26 25 25 26 25 25 26]"
2024-11-22 18:48:54.677823,"(30.0, -6.66)","(5600, 5600)","[16 13 18 19 19 19 19 19 20 19 22 22 22 22 19 20 16 17 16 16 14 15 13 13
 12 12 11 11 10 10 11 11 10 11 10 10 12 11 12 12 12 12 11 11 10 10 10 10
 11 10 11 11 11 11 12 12 12 12 11 11 10 10  9 10  9  9 10  9 11 11 10 11
  9  9  9  9 12 11 13 12 14 15 13 14 14 13 25 19 35 31 44 39 50 47 53 52
 54 54 51 53 43 47 37 40 31 33 26 28 21 22 18 19 16 16 16 16 16 16 14 15
 17 13 25 21 27 26 26 27]"
2024-11-22 18:49:15.931940,"(60.0, -6.66)","(5600, 5600)","[16 10 18 19 19 18 21 21 21 20 23 22 22 23 20 21 18 19 16 18 14 15 13 13
 12 12 11 11 10 10 11 11 10 11 10 10 12 11 12 12 12 12 11 11 10 10 10 10
 11 10 11 11 11 11 12 12 12 12 11 11 10 10  9 10  9  9 10  9 11 11 10 11
  9  9  9  9 12 11 13 12 14 15 13 14 17 13 22 19 30 26 40 35 48 44 51 50
 50 51 48 49 41 44 35 37 30 32 25 28 21 21 19 20 19 19 19 19 18 18 17 17
 16 17 15 15 15 15 14 15]"
2024-11-22 18:50:10.838429,"(-90.0, 10.0)","(5600, 5600)","[19 21 18 19 18 18 18 18 20 19 22 22 21 22 17 19 16 17 16 16 14 15 13 13
 12 12 11 11 10 10 11 11 10 11 10 10 12 11 12 12 12 12 11 11 10 10 10 10
 11 10 11 11 11 11 12 12 12 12 11 11 10 10  9 10  9  9 10  9 11 11 10 11
  9  9  9  9 12 11 13 12 14 15 13 14 12 13 11 11 18 10 40 27 56 49 62 60
 60 62 56 59 49 52 45 47 40 43 32 36 25 29 23 24 20 22 18 19 15 16 13 14
 11 12 10 10 22 18 27 26]"
2024-11-22 18:50:29.461295,"(-70.0, 10.0)","(5600, 5600)","[18 18 19 19 18 18 18 18 20 19 22 22 21 22 17 19 16 17 16 16 14 15 13 13
 12 12 11 11 10 10 11 11 10 11 10 10 12 11 12 12 12 12 11 11 10 10 10 10
 11 10 11 11 11 11 12 12 12 12 11 11 10 10  9 10  9  9 10  9 11 11 10 11
  9  9  9  9 12 11 13 12 14 15 13 14 13 13 17 16 26 16 40 35 46 43 50 49
 50 51 47 49 42 44 38 40 33 36 29 31 22 27 20 21 17 19 15 16 12 13 11 11
 11 11 11 11 23 19 27 26]"
2024-11-22 18:50:48.577676,"(-50.0, 10.0)","(5600, 5600)","[16  5 19 19 18 18 18 18 20 19 22 22 21 22 17 19 16 17 16 16 14 15 13 13
 12 12 11 11 10 10 11 11 10 11 10 10 12 11 12 12 12 12 11 11 10 10 10 10
 11 10 11 11 11 11 12 12 12 12 11 11 10 10  9 10  9  9 10  9 11 11 10 11
  9  9  9  9 12 11 13 12 14 15 13 14 12 13 13 11 26 16 42 35 49 46 48 49
 43 47 38 40 34 36 29 31 24 26 19 19 17 18 14 15 12 13 10 11  9  9  8  8
  7  7  8  7 20 15 25 23]"
2024-11-22 18:51:07.198140,"(-30.0, 10.0)","(5600, 5600)","[16 13 19 19 18 18 18 17 20 19 22 22 21 22 17 19 16 17 16 16 14 15 13 13
 12 12 11 11 10 10 11 11 10 11 10 10 12 11 12 12 12 12 11 11 10 10 10 10
 11 10 11 11 11 11 12 12 12 12 11 11 10 10  9 10  9  9 10  9 11 11 10 11
 20  9 32 27 33 33 31 31 31 31 29 30 27 28 23 25 24 22 31 26 35 33 39 38
 38 39 35 37 32 34 28 30 20 25 18 20 17 18 15 16 13 14 11 12 10 10  9  9
  8  8  8  8  9  9  9  9]"
2024-11-22 18:51:26.837485,"(-10.0, 10.0)","(5600, 5600)","[16  7 19 19 18 18 18 17 20 19 22 22 21 22 17 19 16 17 16 16 14 15 13 13
 12 12 11 11 10 10 11 11 10 11 10 10 12 11 12 12 12 12 11 11 10 10 10 10
 11 10 11 11 11 11 12 12 12 12 11 11 10 10  9 10  9  9 10  9 11 11 13 11
 27 18 42 35 46 45 45 46 38 43 32 34 27 30 22 24 22 21 29 24 31 30 29 30
 28 28 25 27 19 23 18 19 17 18 14 16 13 13 11 12 11 12 10 11  8  9  8  8
  7  7  8  7  9  9  9  9]"
2024-11-22 18:51:45.452323,"(10.0, 10.0)","(5600, 5600)","[16 10 19 19 18 18 18 17 20 19 22 22 21 22 17 19 16 17 16 16 14 15 13 13
 12 12 11 11 10 10 11 11 10 11 10 10 12 11 12 12 12 12 11 11 10 10 10 10
 11 10 11 11 11 11 12 12 12 12 11 11 10 10  9 10  9  9 10  9 11 11 10 11
 22  9 34 29 36 36 34 35 30 32 29 29 28 28 26 27 31 25 40 36 40 40 37 39
 35 36 34 35 30 32 25 28 19 22 16 18 14 15 12 13 11 12 10 11  8  9  7  8
  7  7  8  7  9  9  9  9]"
2024-11-22 18:52:04.068577,"(30.0, 10.0)","(5600, 5600)","[16  8 19 19 18 18 18 17 20 19 22 22 21 22 17 19 16 17 16 16 14 15 13 13
 12 12 11 11 10 10 11 11 10 11 10 10 12 11 12 12 12 12 11 11 10 10 10 10
 11 10 11 11 11 11 12 12 12 12 11 11 10 10  9 10  9  9 10  9 11 11 13 11
 26 17 38 33 43 41 45 45 43 45 38 41 33 35 29 31 32 28 43 37 48 46 46 47
 43 45 37 40 31 34 25 29 23 24 20 21 17 18 14 15 12 13 11 11 10 10  9  9
  9  9  9  9  9  9  9  9]"
2024-11-22 18:52:22.679532,"(50.0, 10.0)","(5600, 5600)","[16  7 19 19 18 18 18 17 20 19 22 22 21 22 17 19 16 17 16 16 14 15 13 13
 12 12 11 11 10 10 11 11 10 11 10 10 12 11 12 12 12 12 11 11 10 10 10 10
 11 10 11 11 11 11 12 12 12 12 11 11 10 10  9 10  9  9 10  9 11 11 17 11
 31 24 41 37 40 41 36 38 30 34 25 27 20 22 15 18 28 15 42 36 47 45 46 47
 41 44 33 37 28 30 22 26 19 21 16 18 13 15 11 12 11 12 10 11  8  9  7  8
  7  7  8  7  9  9  9  9]"
2024-11-22 18:52:41.300752,"(70.0, 10.0)","(5600, 5600)","[16  6 19 19 18 18 18 17 20 19 22 22 21 22 17 19 16 17 16 16 14 15 13 13
 12 12 11 11 10 10 11 11 10 11 10 10 12 11 12 12 12 12 11 11 10 10 10 10
 11 10 11 11 11 11 12 12 12 12 11 11 10 10  9 10  9  9 10  9 14 11 21 16
 37 28 49 44 52 51 49 51 44 47 37 40 30 33 25 26 34 25 45 41 45 46 43 44
 40 42 36 38 31 33 25 29 23 25 21 22 19 20 16 17 14 15 11 12 10 11  9  9
  7  8  8  7  9  9  9  9]"
2024-11-22 18:52:59.916624,"(90.0, 10.0)","(5600, 5600)","[16  4 19 19 17 18 18 17 20 19 22 22 21 22 17 19 16 17 16 16 14 15 13 13
 12 12 11 11 10 10 11 11 10 11 10 10 12 11 12 12 12 12 11 11 10 10 10 10
 11 10 11 11 11 11 12 12 12 12 11 11 10 10  9 10  9  9 10  9 11 11 19 11
 36 27 49 44 53 52 51 52 47 50 43 45 38 40 33 35 35 32 42 38 43 43 40 41
 39 39 38 39 33 36 26 31 23 24 23 23 23 23 22 23 20 21 18 19 16 17 14 15
 12 13 10 11  9  9  9  9]"
2024-11-22 18:53:58.472165,"(-70.0, -10.0)","(5600, 5600)","[16  8 18 19 17 18 17 17 20 19 22 22 21 22 17 19 16 17 16 16 14 15 13 13
 12 12 11 11 10 10 11 11 10 11 10 10 12 11 12 12 12 12 11 11 10 10 10 10
 11 10 11 11 11 11 12 12 12 12 11 11 10 10  9 10  9  9 10  9 11 11 10 11
 15  9 30 21 44 38 47 46 44 46 38 42 30 34 24 26 28 23 39 33 44 42 43 43
 41 42 38 39 33 35 28 30 22 26 20 21 19 19 17 18 15 16 13 14 12 13 11 11
 10 10  9  9  9  9  9  9]"
2024-11-22 18:54:17.090512,"(-50.0, -10.0)","(5600, 5600)","[16  7 18 19 17 18 17 17 20 19 22 22 21 22 17 19 16 17 16 16 14 15 13 13
 12 12 11 11 10 10 11 11 10 11 10 10 12 11 12 12 12 12 11 11 10 10 10 10
 11 10 11 11 11 11 12 12 12 12 11 11 10 10  9 10  9  9 10  9 11 11 10 11
 15  9 26 20 32 29 31 32 29 31 23 26 19 21 18 17 29 21 40 35 44 43 44 44
 42 43 40 41 35 38 30 32 25 28 20 22 17 19 15 16 13 14 11 12 10 11 10 10
  9  9  9  9  9  9  9  9]"
2024-11-22 18:54:35.710806,"(-30.0, -10.0)","(5600, 5600)","[16  6 18 19 17 18 17 17 20 19 22 22 21 22 17 19 16 17 16 16 14 15 13 13
 12 12 11 11 10 10 11 11 10 11 10 10 12 11 12 12 12 12 11 11 10 10 10 10
 11 10 11 11 11 11 12 12 12 12 11 11 10 10  9 10  9  9 10  9 11 11 10 11
 19  9 28 24 30 30 29 30 27 28 24 25 20 22 19 19 23 19 35 28 41 39 41 41
 39 40 36 37 33 35 28 30 24 26 19 20 17 18 15 16 14 14 13 13 15 13 18 18
 18 18 13 13 11 12  9 10]"
2024-11-22 18:54:55.345293,"(-10.0, -10.0)","(5600, 5600)","[16  7 18 19 17 18 17 17 20 19 22 22 21 22 17 19 16 17 16 16 14 15 13 13
 12 12 11 11 10 10 11 11 10 11 10 10 12 11 12 12 12 12 11 11 10 10 10 10
 11 10 11 11 11 11 12 12 12 12 11 11 10 10  9 10  9  9 10  9 11 11 12 11
 18 15 22 20 22 23 20 21 19 20 19 19 27 23 30 29 29 30 28 29 32 29 38 35
 42 41 42 42 39 41 31 34 28 29 24 26 19 20 17 18 16 16 15 15 14 14 14 14
 14 14 13 14 11 12 10 11]"
2024-11-22 18:55:13.960455,"(10.0, -10.0)","(5600, 5600)","[16  6 18 19 17 18 17 17 20 19 22 22 21 22 17 19 16 17 16 16 14 15 13 13
 12 12 11 11 10 10 11 11 10 11 10 10 12 11 12 12 12 12 11 11 10 10 10 10
 11 10 11 11 11 11 12 12 12 12 11 11 10 10  9 10  9  9 10  9 11 11 10 11
  9  9  9  9 12 11 13 12 14 15 25 20 36 31 40 38 39 39 37 38 38 37 45 42
 47 47 46 47 42 44 37 40 32 35 27 30 22 23 19 20 17 17 16 16 14 15 13 14
 12 13 11 12 10 11  9 10]"
2024-11-22 18:55:32.572322,"(30.0, -10.0)","(5600, 5600)","[16  8 18 19 17 18 17 17 20 19 22 22 21 22 17 19 16 17 16 16 14 15 13 13
 12 12 11 11 10 10 11 11 10 11 10 10 12 11 12 12 12 12 11 11 10 10 10 10
 11 10 11 11 11 11 12 12 12 12 11 11 10 10  9 10  9  9 10  9 11 11 10 11
  9  9  9  9 12 11 13 12 14 15 13 14 27 20 35 32 37 37 40 37 46 43 48 47
 47 48 47 47 44 45 40 42 36 39 31 33 24 29 24 24 23 24 21 22 18 19 16 17
 14 15 12 13 10 11  9 10]"
2024-11-22 18:55:51.190014,"(50.0, -10.0)","(5600, 5600)","[16  5 18 19 17 18 17 17 20 19 22 22 21 22 17 19 16 17 16 16 14 15 13 13
 12 12 11 11 10 10 11 11 10 11 10 10 12 11 12 12 12 12 11 11 10 10 10 10
 11 10 11 11 11 11 12 12 12 12 11 11 10 10  9 10  9  9 10  9 11 11 10 11
  9  9  9  9 12 11 13 12 14 15 13 14 16 13 27 22 36 33 40 39 41 41 44 42
 46 46 46 46 43 45 38 41 32 34 29 30 27 28 22 26 20 21 18 19 16 17 14 15
 12 13 12 12 12 12 11 12]"
2024-11-22 18:56:10.824765,"(70.0, -10.0)","(5600, 5600)","[16  5 18 19 17 18 17 17 20 19 22 22 21 22 17 19 16 17 16 16 14 15 13 13
 12 12 11 11 10 10 11 11 10 11 10 10 12 11 12 12 12 12 11 11 10 10 10 10
 11 10 11 11 11 11 12 12 12 12 11 11 10 10  9 10  9  9 10  9 11 11 10 11
  9  9  9  9 12 11 13 12 14 15 13 14 12 13 11 11 20 10 32 26 42 37 46 44
 46 47 45 46 42 44 35 38 27 31 22 24 18 19 15 17 13 14 11 12  9 10  8  8
  7  7  8  8 13  9 17 16]"
2024-11-22 18:57:08.360333,"(-90.0, 13.33)","(5600, 5600)","[19 21 18 19 17 18 17 17 20 19 22 22 21 22 17 19 16 17 16 16 14 15 13 13
 12 12 11 11 10 10 11 11 10 11 10 10 12 11 12 12 12 12 11 11 10 10 10 10
 11 10 11 11 11 11 12 12 12 12 11 11 10 10 11 10 14 14 12 13 11 11 10 11
  9  9 15 13 21 18 22 22 20 22 13 14 15 13 23 18 37 31 48 42 55 52 56 56
 54 55 51 53 48 50 44 46 39 42 32 36 26 26 23 25 20 22 17 19 14 16 12 13
 10 11  9 10  9  9  9  9]"
2024-11-22 18:57:25.554506,"(-75.0, 13.33)","(5600, 5600)","[18 19 18 19 17 18 17 17 20 19 22 22 21 22 17 19 16 17 16 16 14 15 13 13
 12 12 11 11 10 10 11 11 10 11 10 10 12 11 12 12 12 12 11 11 10 10 10 10
 11 10 11 11 11 11 12 12 12 12 11 11 10 10 12 10 14 14 15 15 11 11 15 11
 14 14 16 15 17 17 13 16 14 15 13 14 22 17 38 30 47 44 51 49 53 52 51 52
 49 49 47 48 44 46 40 42 34 38 28 31 24 25 21 22 18 19 15 17 14 14 12 13
 11 11  9 10  9  9  9  9]"
2024-11-22 18:57:42.751856,"(-60.0, 13.33)","(5600, 5600)","[20 19 22 22 20 21 18 19 20 19 22 22 21 22 17 19 16 17 16 16 14 15 13 13
 12 12 11 11 10 10 11 11 10 11 10 10 12 11 12 12 12 12 11 11 10 10 10 10
 11 10 11 11 11 11 12 12 12 12 11 11 15 10 22 19 24 25 23 24 20 21 18 19
 16 17 14 15 12 11 13 12 14 15 13 14 21 19 33 26 45 40 50 48 52 51 52 53
 51 52 48 49 44 46 39 42 31 35 23 25 19 21 16 17 13 14 11 12 10 11  9  9
  9  9  9  9  9  9  9  9]"
2024-11-22 18:57:59.953279,"(-45.0, 13.33)","(5600, 5600)","[16 11 18 19 17 18 17 17 20 19 22 22 21 22 17 19 16 17 16 16 14 15 13 13
 12 12 11 11 10 10 11 11 10 11 10 10 12 11 12 12 12 12 11 11 10 10 10 10
 11 10 11 11 11 11 12 12 12 12 11 11 11 10 18 14 24 23 24 24 20 22 16 18
 14 15 18 15 22 20 21 21 19 20 13 14 12 13 11 11 22 11 36 29 45 41 47 47
 45 47 41 43 36 38 31 34 25 29 20 21 17 19 15 16 13 14 11 12 10 11  9  9
  9  9  9  9 14  9 15 15]"
2024-11-22 18:58:17.153706,"(-30.0, 13.33)","(5600, 5600)","[16  6 18 19 17 18 17 17 20 19 22 22 21 22 17 19 16 17 16 16 14 15 13 13
 12 12 11 11 10 10 11 11 10 11 10 10 12 11 12 12 12 12 11 11 10 10 10 10
 11 10 11 11 11 11 12 12 12 12 11 11 10 10  9 10  9  9 10  9 11 11 10 11
  9  9 19 14 28 24 32 31 31 32 31 31 28 30 24 26 20 22 31 23 45 38 50 48
 49 50 44 47 38 41 32 35 26 28 22 22 20 21 17 18 15 15 13 14 11 12 10 11
  9  9  9  9  9  9  9  9]"
2024-11-22 18:58:34.355101,"(-15.0, 13.33)","(5600, 5600)","[16  8 18 19 17 18 17 17 20 19 22 22 21 22 17 19 16 17 16 16 14 15 13 13
 12 12 11 11 10 10 11 11 10 11 10 10 12 11 12 12 12 12 11 11 10 10 10 10
 11 10 11 11 11 11 12 12 12 12 11 11 10 10  9 10  9  9 10  9 11 11 10 11
 23  9 38 31 43 41 42 43 38 41 33 35 29 31 25 27 21 23 16 16 32 25 39 37
 39 40 37 38 32 35 28 30 25 27 21 21 19 20 17 18 15 16 14 14 12 13 11 11
  9 10  9  9  9  9  9  9]"
2024-11-22 18:58:51.558092,"(0.0, 13.33)","(5600, 5600)","[16  9 18 19 17 18 17 17 20 19 22 22 21 22 17 19 16 17 16 16 14 15 13 13
 12 12 11 11 10 10 11 11 10 11 10 10 12 11 12 12 12 12 11 11 10 10 10 10
 11 10 11 11 11 11 12 12 12 12 11 11 10 10  9 10  9  9 10  9 11 11 13 11
 25 17 39 32 44 42 43 44 39 42 33 36 27 29 24 25 23 23 30 25 37 34 37 37
 34 36 30 32 20 27 19 20 16 18 14 15 12 13 11 12 11 12 10 11  8  9  7  8
  7  7  8  7  9  9  9  9]"
2024-11-22 18:59:08.758638,"(15.0, 13.33)","(5600, 5600)","[16  7 18 19 17 18 17 17 20 19 22 22 21 22 17 19 16 17 16 16 14 15 13 13
 12 12 11 11 10 10 11 11 10 11 10 10 12 11 12 12 12 12 11 11 10 10 10 10
 11 10 11 11 11 11 12 12 12 12 11 11 10 10  9 10  9  9 10  9 11 11 13 11
 28 18 41 35 45 44 43 45 39 40 37 38 34 36 31 32 30 31 28 29 27 27 31 30
 31 31 29 30 26 28 21 25 20 20 17 19 15 16 12 13 11 12 10 11  8  9  7  8
  7  7  8  7  9  9  9  9]"
2024-11-22 18:59:25.955186,"(30.0, 13.33)","(5600, 5600)","[16  8 18 19 17 18 17 17 20 19 22 22 21 22 17 19 16 17 16 16 14 15 13 13
 12 12 11 11 10 10 11 11 10 11 10 10 12 11 12 12 12 12 11 11 10 10 10 10
 11 10 11 11 11 11 12 12 12 12 11 11 10 10  9 10  9  9 10  9 11 11 10 11
 19  9 32 27 33 33 31 32 32 31 33 33 30 31 26 27 24 25 32 27 40 36 40 40
 38 40 31 35 26 28 20 25 18 20 16 17 14 15 13 14 11 12 10 11  8  9  7  8
  7  7  8  7  9  9  9  9]"
2024-11-22 18:59:43.150952,"(45.0, 13.33)","(5600, 5600)","[16  4 18 19 17 18 17 17 20 19 22 22 21 22 17 19 16 17 16 16 14 15 13 13
 12 12 11 11 10 10 11 11 10 11 10 10 12 11 12 12 12 12 11 11 10 10 10 10
 11 10 11 11 11 11 12 12 12 12 11 11 10 10  9 10  9  9 10  9 11 11 10 11
 17  9 26 22 26 26 24 24 22 23 21 22 18 19 15 16 17 14 28 21 34 32 34 34
 31 33 27 29 23 25 16 21 15 16 13 14 11 12 11 11 11 12 10 11  8  9  7  8
  7  7  8  7  9  9  9  9]"
2024-11-22 19:00:00.345867,"(60.0, 13.33)","(5600, 5600)","[16  6 18 19 17 18 17 16 20 19 22 22 21 22 17 19 16 17 16 16 14 15 13 13
 12 12 11 11 10 10 11 11 10 11 10 10 12 11 12 12 12 12 11 11 10 10 10 10
 11 10 11 11 11 11 12 12 12 12 11 11 10 10  9 10  9  9 10  9 11 11 10 11
 19  9 28 25 29 29 26 27 28 26 28 29 26 27 21 23 20 19 32 24 38 36 38 38
 34 37 29 32 26 28 19 24 17 18 16 16 14 15 12 13 11 12 10 11  8  9  8  8
  7  7  8  7  9  9  9  9]"
2024-11-22 19:00:17.548754,"(75.0, 13.33)","(5600, 5600)","[16  7 19 19 17 18 17 16 20 19 22 22 21 22 17 19 16 17 16 16 14 15 13 13
 12 12 11 11 10 10 11 11 10 11 10 10 12 11 12 12 12 12 11 11 10 10 10 10
 11 10 11 11 11 11 12 12 12 12 11 11 10 10  9 10  9  9 10  9 11 11 10 11
 22  9 35 29 42 39 41 41 38 40 34 36 30 32 25 27 22 23 27 23 32 30 32 33
 30 32 26 28 19 24 19 19 18 19 17 18 15 16 14 15 12 13 11 12 10 10  9  9
  8  8  8  8  9  9  9  9]"
2024-11-22 19:00:34.746711,"(90.0, 13.33)","(5600, 5600)","[16  6 19 19 17 18 17 16 20 19 22 22 21 22 17 19 16 17 16 16 14 15 13 13
 12 12 11 11 10 10 11 11 10 11 10 10 12 11 12 12 12 12 11 11 12 10 16 15
 16 17 11 11 11 11 12 12 12 12 11 11 10 10  9 10  9  9 10  9 11 11 14 11
 26 16 41 34 48 45 47 47 43 45 37 40 32 35 27 29 24 25 28 25 30 29 28 30
 24 26 20 20 19 19 18 18 16 17 14 15 12 13 11 11 11 12 10 11  8  9  7  8
  7  7  8  7  9  9  9  9]"
2024-11-22 19:01:33.690064,"(-75.0, -13.33)","(5600, 5600)","[ 16   6  19  19  17  18 137 100  84 100 100  84 100  20 252  19  16  17
  16  16  14  15  13  13  12  12  11  11  10  10  11  11  10  11  10  10
  12  11  12  12  12  12  11  11  10  10  10  10  11  10  11  11  11  11
  12  12  12  12  11  11  10  10   9  10   9   9  10   9  11  11  10  11
  22   9  39  31  46  43  45  45  44  44  42  43  38  40  33  35  31  32
  34  32  33  34  33  33  33  34  29  31  23  27  22  22  20  21  18  19
  16  17  14  14  12  13  10  11   9  10   8   9   7   8   8   7   9   9
   9   9]"
2024-11-22 19:01:56.907611,"(-60.0, -13.33)","(5600, 5600)","[16  7 19 19 17 18 17 16 20 19 22 22 21 22 17 19 16 17 16 16 14 15 13 13
 12 12 11 11 10 10 11 11 10 11 10 10 12 11 12 12 12 12 11 11 10 10 10 10
 11 10 11 11 11 11 12 12 12 12 11 11 10 10  9 10  9  9 10  9 11 11 10 11
 12  9 21 16 28 25 32 30 33 33 33 33 29 31 24 26 20 21 28 22 39 33 42 41
 40 42 34 38 27 30 19 24 18 19 16 17 15 15 15 15 14 15 13 14 12 12 10 11
  9 10  9  9  9  9  9  9]"
2024-11-22 19:02:14.109772,"(-45.0, -13.33)","(5600, 5600)","[16  8 19 19 17 18 17 16 20 19 22 22 21 22 17 19 16 17 16 16 14 15 13 13
 12 12 11 11 10 10 11 11 10 11 10 10 12 11 12 12 12 12 11 11 10 10 10 10
 11 10 11 11 11 11 12 12 12 12 11 11 10 10  9 10  9  9 10  9 11 11 10 11
  9  9  9  9 12 11 13 12 14 15 13 14 12 13 11 11 21 10 35 29 40 39 39 40
 35 36 32 34 29 31 24 26 20 22 16 16 15 15 14 14 13 13 12 13 11 12 10 11
  9 10  9  9  9  9  9  9]"
2024-11-22 19:02:31.808002,"(-30.0, -13.33)","(5600, 5600)","[16  9 19 19 17 18 17 16 20 19 22 22 21 22 17 19 16 17 16 16 14 15 13 13
 12 12 11 11 10 10 11 11 10 11 10 10 12 11 12 12 12 12 11 11 10 10 10 10
 11 10 11 11 11 11 12 12 12 12 11 11 10 10  9 10  9  9 10  9 11 11 10 11
  9  9 15 13 12 15 13 12 14 15 13 14 12 13 11 11 20 10 32 25 35 34 32 34
 28 30 25 27 24 25 21 23 15 19 14 15 13 13 12 12 12 12 12 12 12 12 11 12
 10 11  9  9  9  9  9  9]"
2024-11-22 19:02:49.002909,"(-15.0, -13.33)","(5600, 5600)","[16 12 19 19 17 18 17 16 20 19 22 22 21 22 17 19 16 17 16 16 14 15 13 13
 12 12 11 11 10 10 11 11 10 11 10 10 12 11 12 12 12 12 11 11 10 10 10 10
 11 10 11 11 11 11 12 12 12 12 11 11 10 10  9 10  9  9 10  9 11 11 10 11
  9  9 17 14 19 18 20 20 20 19 23 21 23 23 22 23 21 21 21 21 28 24 34 32
 33 33 29 31 24 26 21 22 16 19 15 15 13 14 12 13 11 12 10 11 10 10 10 10
 10 10 10 10 10 10 10 10]"
2024-11-22 19:03:06.204612,"(0.0, -13.33)","(5600, 5600)","[16  2 19 19 17 18 17 16 21 19 22 22 21 22 17 19 16 17 16 16 14 15 13 13
 12 12 11 11 10 10 11 11 10 11 10 10 12 11 12 12 12 12 11 11 10 10 10 10
 11 10 11 11 11 11 12 12 12 12 11 11 10 10  9 10  9  9 10  9 11 11 10 11
 14  9 14 14 12 11 13 12 23 15 32 28 33 33 32 33 29 32 25 27 25 24 29 28
 27 28 24 26 16 22 16 16 15 15 13 14 12 13 11 11 11 12 10 11 10 10 10 10
  9  9  9  9  9  9  9  9]"
2024-11-22 19:03:23.402872,"(15.0, -13.33)","(5600, 5600)","[16  9 19 19 17 18 17 16 20 19 22 22 21 22 17 19 16 17 16 16 14 15 13 13
 12 12 11 11 10 10 11 11 10 11 10 10 12 11 12 12 12 12 11 11 10 10 10 10
 11 10 11 11 11 11 12 12 12 12 11 11 10 10  9 10  9  9 10  9 11 11 10 11
  9  9  9  9 12 11 13 12 18 15 28 22 37 33 40 39 39 40 36 38 34 35 32 33
 30 32 26 28 24 25 18 23 17 18 17 17 17 17 16 17 15 15 15 15 14 15 14 14
 13 13 12 13 12 12 11 11]"
2024-11-22 19:03:40.597649,"(30.0, -13.33)","(5600, 5600)","[16  6 19 19 17 18 17 16 20 19 22 22 21 22 17 19 16 17 16 16 14 15 13 13
 12 12 11 11 10 10 11 11 10 11 10 10 12 11 12 12 12 12 11 11 10 10 10 10
 11 10 11 11 11 11 12 12 12 12 11 11 10 10  9 10  9  9 10  9 11 11 10 11
  9  9  9  9 12 11 17 12 29 23 37 33 37 37 38 37 40 40 37 39 40 38 43 42
 41 42 38 40 33 35 30 31 29 30 27 28 22 22 22 22 21 21 21 21 20 21 20 20
 19 19 18 18 16 17 14 15]"
2024-11-22 19:03:57.794481,"(45.0, -13.33)","(5600, 5600)","[16  8 19 19 17 18 17 16 20 19 22 22 21 22 17 19 16 17 16 16 14 15 13 13
 12 12 11 11 10 10 11 11 10 11 10 10 12 11 12 12 12 12 11 11 10 10 10 10
 11 10 11 11 11 11 12 12 12 12 11 11 10 10  9 10  9  9 10  9 11 11 10 11
  9  9  9  9 12 11 22 12 33 29 38 36 37 38 35 36 30 33 28 28 37 33 41 40
 40 41 37 39 31 34 28 29 26 27 25 26 21 21 19 20 17 18 16 17 16 16 16 16
 16 16 15 15 14 14 12 13]"
2024-11-22 19:04:14.994069,"(60.0, -13.33)","(5600, 5600)","[16  6 19 19 17 18 17 16 20 19 22 22 21 22 17 19 16 17 16 16 14 15 13 13
 12 12 11 11 10 10 11 11 10 11 10 10 12 11 12 12 12 12 11 11 10 10 10 10
 11 10 11 11 11 11 12 12 12 12 11 11 10 10  9 10  9  9 10  9 11 11 10 11
  9  9  9  9 12 11 13 12 14 15 13 14 12 13 16 11 17 17 17 17 33 24 40 37
 40 41 38 39 34 36 30 33 26 27 23 24 17 21 16 17 14 15 13 13 12 12 11 11
 10 10  9  9 11  9 15 14]"
2024-11-22 19:04:32.187921,"(75.0, -13.33)","(5600, 5600)","[16  8 19 19 17 18 17 16 20 19 22 22 21 22 17 19 16 17 16 16 14 15 13 13
 12 12 11 11 10 10 11 11 10 11 10 10 12 11 12 12 12 12 11 11 10 10 10 10
 11 10 11 11 11 11 12 12 12 12 11 11 10 10  9 10  9  9 10  9 11 11 10 11
  9  9  9  9 15 11 18 17 14 18 13 14 12 13 11 11 14 10 26 18 39 33 44 42
 43 44 37 41 30 34 27 29 25 26 21 24 16 17 14 15 13 13 13 13 14 14 13 14
 13 13 12 12 22 18 25 24]"
