,,,,,,,,,,,,,,,,,,,,,,,,,,,,,,Máximo,Segundo Máximo,Tercer Máximo,Dif Max-2Max,Dif Max-3Max
-0.0262954387372928,0.000660987333379862,2.7208109428432,6.31516717692271,3.24761659745971,-0.0265672962719834,0.000653951485332781,0.00333347174727244,0.724286434852402,0.90412164875428,6.5833122869996,0,0.906936980947733,7.89125527775844,4.53468490473867,0,4.53468490473867,0,5.4416218856864,5.44162188568639,47.6927744870546,56.7065435480497,,,,,,,,,56.7065435480497,47.6927744870546,7.89125527775844,9.01376906099517,48.8152882702913
0.088625081129179,2.7208109428432,6.32600984447337,4.12157849291649,-0.0271479726428922,0.000653951485332781,0.00333347174727244,0.724286434852402,0.90412164875428,0,6.30085398143628,3.62774792379093,0.510747435271133,40.8524593917932,48.6407373159331,,,,,,,,,,,,,,,,48.6407373159331,40.8524593917932,6.32600984447337,7.7882779241399,42.3147274714597
0.0634924829018079,2.7208109428432,6.32600984447337,2.30770453102102,-0.0258065284817212,0.000653951485332781,0.00333347174727244,-0.0244941866145583,-0.0061569048127924,0.000642387306046038,0.000668634994300621,0.000662516865564006,43.8543753053252,51.5176634069606,,,,,,,,,,,,,,,,,51.5176634069606,43.8543753053252,6.32600984447337,7.6632881016354,45.1916535624872
0.0257935855607511,2.7208109428432,6.31516717692271,0.017090994879266,0.000653951485332781,5.87954425175057,0.00333347174727244,-0.124656765999023,8.46240233747999,7.86529710483334,2.01232203922117,10.7463975300673,5.56424035173427,2.00000000000001,9.25549584758188,8.42671439912071,1.88061034440646,8.21617000488523,51.6328926477776,58.9475019337245,59.8706832879712,,,,,,,,,,59.8706832879712,58.9475019337245,51.6328926477776,0.92318135424663,8.23779064019355
0.088625081129179,2.7208109428432,6.17422810286398,2.30770453102102,-0.0258065284817212,0.000653951485332781,1.57516814851003,2.74491767220324,2.69242371821715,-0.026160735222277,1.81105862970201,8.69357814324685,6.38935026868592,0,8.74174714157774,4.5959941377626,1.00000000000001,1.90693698094774,2.01228714495081,2.02508607253357,4.53468490473866,49.6528532608699,58.6844365738483,,,,,,,,58.6844365738483,49.6528532608699,8.74174714157774,9.03158331297833,49.9426894322705
-0.0262954387372928,0.000660987333379862,2.7208109428432,6.31516717692271,2.34067961651198,0.859232095749883,0.00333347174727244,-0.0335387186823926,-0.0061569048127924,0.000642387306046038,0.000668634994300621,0.000662516865564006,29.9289203712753,38.0059004030291,38.8375228266688,,,,,,,,,,,,,,,,38.8375228266688,38.0059004030291,29.9289203712753,0.831622423639708,8.90860245539349
9.89391700048858,0,3.62774792379094,7.17135041600517,0.859232095749883,0.00333347174727244,-0.0244941866145583,-0.0061569048127924,0.000642387306046038,0.000668634994300621,0.000662516865564006,35.6954079140208,46.0177655453977,46.8375228266688,,,,,,,,,,,,,,,,,46.8375228266688,46.0177655453977,35.6954079140208,0.819757281271087,11.142114912648
8.08004303859311,0,2.7208109428432,6.17135041600517,0.017090994879266,0.000653951485332781,0.00333347174727244,1.61046216719591,0.000642387306046038,6.5833122869996,1.03979909623841,41.7707010258919,49.9635569329103,50.8817367750718,,,,,,,,,,,,,,,,,50.8817367750718,49.9635569329103,41.7707010258919,0.918179842161571,9.11103574918
7.17310605764538,0,2.7208109428432,6.30995263877019,3.30988901441135,0.859232095749883,0.00333347174727244,7.00449297969449,7.00064238730609,8.7414343337812,8.29628724963366,4.58101795310212,0.906936980947734,2.7208109428432,2.7208109428432,0.510747435271133,42.6490214338059,51.651276112546,,,,,,,,,,,,,51.651276112546,42.6490214338059,8.7414343337812,9.00225467874009,42.9098417787648
6.26616907669765,0,3.62774792379094,7.17135041600517,4.21572682584272,-0.0271479726428922,0.000653951485332781,5.50903630923306,6.39344320681257,15.443608139274,15.8225100013741,12.0504978249239,11.4625050516727,3.87744259892528,0,0.906936980947734,6.8851571405309,38.8724200048855,47.640737315933,,,,,,,,,,,,47.640737315933,38.8724200048855,15.8225100013741,8.76831731104755,31.818227314559
8.11472794333175,2.7768991206644,7.17422810286399,3.24761659745971,-0.0265672962719834,0.000653951485332781,0.00333347174727244,0.724286434852402,0.000642387306046038,0.000668634994300621,0.000662516865564006,36.2593353077677,40.4944256403101,,,,,,,,,,,,,,,,,,40.4944256403101,36.2593353077677,8.11472794333175,4.23509033254239,32.3796976969784
6.26616907669765,0,2.7208109428432,6.31516717692271,0.00506970517612898,0.000653951485332781,0.00333347174727244,-0.0244941866145583,-0.0061569048127924,0.000642387306046038,4.59151108481928,5.4416218856864,36.8305828651688,47.7105901929656,48.0237695407917,,,,,,,,,,,,,,,,48.0237695407917,47.7105901929656,36.8305828651688,0.313179347826086,11.1931866756229
0.0257935855607511,2.7208109428432,6.31516717692271,2.34067961651198,-0.0258065284817212,0.000653951485332781,0.00333347174727244,0.724286434852402,0.90412164875428,0,1.76616907669762,3.62774792379094,4.5884220810943,43.7925775525162,50.9475019337245,51.8706832879711,,,,,,,,,,,,,,,51.8706832879711,50.9475019337245,43.7925775525162,0.92318135424663,8.07810573545492
0.0509261837881222,1.81387396189547,6.17422810286398,2.30770453102102,-0.0258065284817212,0.000653951485332781,0.00333347174727244,-0.0244941866145583,-0.0061569048127924,0.000642387306046038,0.859232095749882,0.906936980947734,7.3092330239375,44.7726169394239,51.9475019337245,52.8706832879711,,,,,,,,,,,,,,,52.8706832879711,51.9475019337245,44.7726169394239,0.923181354246623,8.09806634854723
1.73148417195897,0,2.7208109428432,6.30995263877019,0.00506970517612898,0.000653951485332781,0.00333347174727244,-0.0335387186823926,-0.0061569048127924,0.000642387306046038,0.000668634994300621,0.000662516865564006,6.34855886663414,23.0495847581828,36.0731645613792,36.1389969641987,,,,,,,,,,,,,,,36.1389969641987,36.0731645613792,23.0495847581828,0.065832402819467,13.0894122060159
8.08004303859311,0,3.62774792379094,7.17422810286399,0.859232095749883,0.00333347174727244,-0.0335387186823926,-0.0061569048127924,0.000642387306046038,0.000668634994300621,0.000662516865564006,20.8595505617979,44.3154660129809,,,,,,,,,,,,,,,,,,44.3154660129809,20.8595505617979,8.08004303859311,23.455915451183,36.2354229743878
4.45229511480218,0,2.7208109428432,7.17135041600517,4.21572682584272,-0.0271479726428922,0.000653951485332781,0.00333347174727244,-0.0244941866145583,-0.0061569048127924,0.000642387306046038,0.000668634994300621,0.000662516865564006,24.4872984855889,39.7461856200714,39.9795555923886,,,,,,,,,,,,,,,39.9795555923886,39.7461856200714,24.4872984855889,0.233369972317206,15.4922571067998
0.0257935855607511,2.7208109428432,6.31516717692271,3.24761659745971,-0.0265672962719834,0.000653951485332781,0.00333347174727244,-0.0335387186823926,-0.0061569048127924,0.000642387306046038,0.000668634994300621,0.000662516865564006,18.1387396189547,34.6868599082283,34.9242881568849,,,,,,,,,,,,,,,,34.9242881568849,34.6868599082283,18.1387396189547,0.237428248656578,16.7855485379301
0.833295065950176,0,3.62774792379094,6.31516717692271,2.34067961651198,-0.0258065284817212,0.000653951485332781,0.00333347174727244,-0.0335387186823926,-0.0061569048127924,0.000642387306046038,3.58004303859308,9.06936980947731,23.3563675500734,32.5326130574362,32.8681912554961,33.9221665125505,,,,,,,,,,,,,,33.9221665125505,32.8681912554961,32.5326130574362,1.05397525705445,1.38955345511434
11.7825283982658,2.7768991206644,7.17422810286399,3.24761659745971,-0.0265672962719834,0.000653951485332781,0.00333347174727244,0.655633219345388,-0.0061569048127924,0.000642387306046038,0.000668634994300621,0.000662516865564006,10.8832437713728,15.1881455440018,35.859550561798,48.6749947658597,49.0237695407917,,,,,,,,,,,,,,49.0237695407917,48.6749947658597,35.859550561798,0.348774774931968,13.1642189789937
7.17310605764538,0,2.7208109428432,6.30995263877019,3.30988901441135,1.76616907669762,4.86851405541213,4.87539570102592,9.16418231558384,5.85939110970326,5.55593551538841,2.67310605764535,0.906936980947734,10.3826331216415,30.7193453834883,43.6631296234911,44.0127160536909,,,,,,,,,,,,,,44.0127160536909,43.6631296234911,30.7193453834883,0.349586430199828,13.2933706702026
3.58004303859309,0,2.7208109428432,6.30707495191137,3.3909090716743,1.76616907669762,9.06936980947733,8.91788703561548,8.87539570102594,13.276002344895,14.9735618770356,15.0001635223695,12.5756926141916,5.86587260392681,0.906936980947734,22.6734245236934,31.6512644811224,31.9574486181871,,,,,,,,,,,,,31.9574486181871,31.6512644811224,22.6734245236934,0.30618413706469,9.2840240944937
6.30085398143629,0,2.7208109428432,7.17422810286399,0.00506970517612898,0.000653951485332781,5.90693698094776,11.4531631656083,18.2619076697607,18.8514558378115,16.687209249308,22.8222937295943,18.93494835648,11.4216517037128,6.74035464210114,1.01240927489707,17.231802638007,40.2666896387282,,,,,,,,,,,,,40.2666896387282,22.8222937295943,18.93494835648,17.4443959091339,21.3317412822482
2.67310605764535,0,2.7208109428432,7.17135041600517,3.30988901441135,-0.0265672962719834,0.000653951485332781,13.6089838933865,17.5122212761999,25.8481082671071,19.7527123025567,15.2077909623841,8.87727212587532,3.86779178879664,0.906936980947734,22.6734245236934,39.7461856200714,39.9463951310864,,,,,,,,,,,,,39.9463951310864,39.7461856200714,25.8481082671071,0.200209511014954,14.0982868639793
5.39391700048855,0,2.7208109428432,7.17422810286399,3.24761659745971,-0.0265672962719834,0.000653951485332781,8.09732012003634,12.4190860771862,14.5930112279585,20.8222937295943,16.0000000000001,18.0131449359691,18.0733087482845,16.99297752809,5.73756310047227,1.81387396189547,29.9289203712753,43.793646189546,43.9906090794894,,,,,,,,,,,43.9906090794894,43.793646189546,29.9289203712753,0.196962889943478,14.0616887082142
3.58004303859309,0,2.7208109428432,6.30707495191137,4.28027250244262,0.859232095749883,15.2885612237422,22.0663939613867,21.996817649493,19.0000000000001,23.5744378362937,18.8704201270153,5.73756310047227,2.7208109428432,28.393502686859,42.7105901929656,43.0016625665902,,,,,,,,,,,,,,43.0016625665902,42.7105901929656,28.393502686859,0.29107237362458,14.6081598797311
9.02166492427949,0,2.7208109428432,6.30995263877019,0.859232095749883,0.00333347174727244,-0.0244941866145583,12.822510001374,16.7227566594262,12.9664142647778,2.02481854979414,0.906936980947734,0.906936980947734,1.01228714495081,1.01254303626678,7.51074743527118,38.8822667318029,49.7580507624401,50.0348230278925,,,,,,,,,,,,50.0348230278925,49.7580507624401,38.8822667318029,0.276772265452344,11.1525562960895
6.30085398143629,0,2.7208109428432,7.17422810286399,3.24761659745971,-0.0265672962719834,0.000653951485332781,0.00333347174727244,0.655633219345388,-0.0061569048127924,0.000642387306046038,3.68526108481927,5.4416218856864,0,7.25549584758186,0,5.4416218856864,0,0.906936980947734,4.53468490473867,15.4684446751344,15.5107474352712,42.1619443087448,53.0296306877664,53.8375228266689,,,,,,53.8375228266689,53.0296306877664,42.1619443087448,0.80789213890246,11.675578517924
8.11472794333175,0,2.7208109428432,6.17135041600517,0.017090994879266,0.000653951485332781,0.00333347174727244,-0.0244941866145583,4.1893829995115,-0.026160735222277,0.000642387306046038,0.859232095749882,19.0456765999024,28.6019948618189,28.5392495114804,41.7435271128484,51.5326130574363,52.012716053691,,,,,,,,,,,,,52.012716053691,51.5326130574363,41.7435271128484,0.480102996254686,10.2691889408426
5.54133410552159E-16,0.0257935855607511,2.7208109428432,6.30995263877019,3.30988901441135,0.859232095749883,0.00333347174727244,0.724286434852402,0.000642387306046038,0.000668634994300621,0.000662516865564006,7.25549584758188,25.5041567799569,36.4820120036292,,,,,,,,,,,,,,,,,36.4820120036292,25.5041567799569,7.25549584758188,10.9778552236723,29.2265161560473
0.859232095749883,0,2.7208109428432,6.31516717692271,0.00506970517612898,0.000653951485332781,0.00333347174727244,-0.0244941866145583,-0.0061569048127924,0.000642387306046038,0.000668634994300621,0.000662516865564006,5.44162188568639,6.73645120908651,36.2404636866962,,,,,,,,,,,,,,,,36.2404636866962,6.73645120908651,6.31516717692271,29.5040124776097,29.9252965097735
2.19130459593518E-16,0.0634924829018079,2.7208109428432,6.31516717692271,3.24761659745971,-0.0265672962719834,0.000653951485332781,0.00333347174727244,-0.0244941866145583,-0.0061569048127924,0.000642387306046038,0.000668634994300621,0.000662516865564006,13.604054714216,36.2757032649408,,,,,,,,,,,,,,,,36.2757032649408,13.604054714216,6.31516717692271,22.6716485507247,29.9605360880181
5.94307312437003E-16,0.0383598846744366,2.7208109428432,6.31516717692271,0.00506970517612898,0.000653951485332781,0.00333347174727244,-0.0273340812338616,-0.0061569048127924,0.000642387306046038,0.000668634994300621,0.000662516865564006,14.5109916951638,35.9968391606767,,,,,,,,,,,,,,,,,35.9968391606767,14.5109916951638,6.31516717692271,21.4858474655129,29.681671983754
2.67310605764535,0,2.7208109428432,6.31516717692271,0.017090994879266,0.000653951485332781,0.00333347174727244,-0.0244941866145583,-0.0061569048127924,0.000642387306046038,0.000668634994300621,0.000662516865564006,15.4179286761115,40.0456155349294,,,,,,,,,,,,,,,,,40.0456155349294,15.4179286761115,6.31516717692271,24.6276868588179,33.7304483580067
5.94307312437003E-16,0.0383598846744366,2.7208109428432,7.17422810286399,3.24761659745971,-0.0265672962719834,0.000653951485332781,0.00333347174727244,-0.0273340812338616,-0.0061569048127924,0.000642387306046038,0.000668634994300621,0.000662516865564006,9.06936980947736,37.8001532440042,,,,,,,,,,,,,,,,37.8001532440042,9.06936980947736,7.17422810286399,28.7307834345269,30.6259251411402
4.48698001954082,0,2.7208109428432,7.17422810286399,0.00506970517612898,0.000653951485332781,0.00333347174727244,-0.0244941866145583,-0.0061569048127924,0.000642387306046038,0.000668634994300621,0.000662516865564006,8.16243282852958,17.9666814240353,36.874898225045,,,,,,,,,,,,,,,,36.874898225045,17.9666814240353,8.16243282852958,18.9082168010097,28.7124653965154
10.835538886175,2.7768991206644,6.31516717692271,0.00506970517612898,0.000653951485332781,0.00333347174727244,0.724286434852402,0.000642387306046038,0.000668634994300621,0.000662516865564006,35.9372099413778,43.0578387070513,,,,,,,,,,,,,,,,,,,43.0578387070513,35.9372099413778,10.835538886175,7.12062876567346,32.2222998208763
7.20779096238402,0,2.7208109428432,7.17135041600517,0.00506970517612898,0.000653951485332781,4.53468490473867,0.00333347174727244,0.724286434852402,0.000642387306046038,0.000668634994300621,0.000662516865564006,4.53468490473867,15.1268701148022,24.6567537860285,37.6341568381141,35.8511770273573,27.4755173075583,27.3571384953592,10.5587597703958,5.87428248656574,2.7208109428432,19.0456765999024,38.2415359585458,42.6747978726129,,,,,,42.6747978726129,38.2415359585458,37.6341568381141,4.4332619140671,5.04064103449884
0.859232095749883,0,2.7208109428432,6.31516717692271,0.017090994879266,0.000653951485332781,7.67833437085635,13.2634299248902,8.69303141105892,10.8477326696153,8.38935026868593,1.00000000000001,2.77625793844652,1.01263608765441,1.01236856491498,7.25549584758188,11.7447331460675,26.8769260910277,,,,,,,,,,,,,26.8769260910277,13.2634299248902,11.7447331460675,13.6134961661375,15.1321929449602
1.76616907669762,0,2.7208109428432,7.17422810286399,2.34067961651198,-0.0258065284817212,0.000653951485332781,4.87002756647362,12.4750436905344,15.0729900900273,18.8590900580409,18.9755058133856,16.4857463597644,9.51608868466054,6.63232779677581,1.01240927489707,4.53468490473868,30.3975940400588,,,,,,,,,,,,,30.3975940400588,18.9755058133856,18.8590900580409,11.4220882266732,11.5385039820179
4.48698001954082,0,3.62774792379094,7.17135041600517,0.859232095749883,5.4416218856864,10.9255836066719,18.5015266243284,19.024504501361,19.0159986379604,18.8464838753578,16.9370906814852,7.97356187703555,7.97531358352167,8.87635615127835,7.39238631533956,1.81387396189547,13.604054714216,40.6322514655596,,,,,,,,,,,,40.6322514655596,19.024504501361,19.0159986379604,21.6077469641986,21.6162528275992
1.76616907669762,0,2.7208109428432,7.17422810286399,3.24761659745971,-0.0265672962719834,0.000653951485332781,15.3452384587202,16.8795442517506,23.8725595819668,21.4831460674159,17.0793244690256,10.983334180101,10.2479705248099,0.859204887640453,0.000668634994300621,0.000662516865564006,9.97630679042509,37.8001532440042,,,,,,,,,,,,37.8001532440042,23.8725595819668,21.4831460674159,13.9275936620374,16.3170071765884
5.39391700048855,0,3.62774792379094,7.32600984447337,0.00506970517612898,0.000653951485332781,2.7208109428432,11.7901807523205,23.6249105834323,17.024632447019,19.0608250750228,19.1173199676648,15.857475197807,11.3877625793845,6.35648011113829,2.7208109428432,19.0456765999024,42.2910778258546,,,,,,,,,,,,,42.2910778258546,23.6249105834323,19.1173199676648,18.6661672424222,23.1737578581898
5.39391700048855,0,3.62774792379094,7.32600984447337,3.24761659745971,-0.0265672962719834,0.000653951485332781,10.8832437713728,20.5194193884199,20.8660383517111,17.0369486705284,14.0000000000001,16.7422323426269,12.5652595749879,8.21719925093638,22.1530553357557,22.1088675134053,17.1836834391794,10.5909319598077,7.61914139739926,1.01240927489707,20.8595505617979,42.5121519296534,,,,,,,,42.5121519296534,22.1530553357557,22.1088675134053,20.3590965938977,20.403284416248
1.76616907669762,0,3.62774792379094,7.17422810286399,0.017090994879266,0.000653951485332781,14.5109916951637,17.4905901784261,17.9069369809478,16.8785494015634,19.7499766897552,13.5372231191989,13.8605705356962,14.0146383915487,5.63232779677581,18.1387396189547,37.4511814618375,,,,,,,,,,,,,,37.4511814618375,19.7499766897552,18.1387396189547,17.7012047720823,19.3124418428828
1.76616907669762,0,2.7208109428432,6.30995263877019,3.30988901441135,0.859232095749883,20.8078972276503,23.4645823155839,17.9069369809478,17.8793700964828,11.5485437946357,11.8222937295942,7.48682329628729,2.77888373229118,3.62774792379094,12.9424055528416,36.3482586305164,,,,,,,,,,,,,,36.3482586305164,23.4645823155839,20.8078972276503,12.8836763149325,15.5403614028661
5.39391700048855,0,2.7208109428432,6.31516717692271,0.017090994879266,0.000653951485332781,5.87739171144768,12.7471019581502,15.3575325842698,17.8316794325538,16.867763800684,18.3416978163458,8.86587260392682,3.62774792379094,3.62774792379094,15.7475879335614,32.2663654127994,,,,,,,,,,,,,,32.2663654127994,18.3416978163458,17.8316794325538,13.9246675964537,14.4346859802456
0.859232095749883,0,2.7208109428432,6.31516717692271,2.34067961651198,0.859232095749883,3.62774792379093,7.01679003419643,9.0044929796945,12.6801987575569,10.0000000000001,14.3416978163457,8.45920859794827,2.02481854979414,1.81387396189547,19.9526135808502,29.613784399935,29.876195855724,24.0000000000001,31.0853586549424,31.1137247888899,,,,,,,,,,31.1137247888899,31.0853586549424,29.876195855724,0.0283661339474861,1.23752893316586
0.088625081129179,3.62774792379094,6.32600984447337,2.30770453102102,0.859232095749883,0.00333347174727244,-0.0335387186823926,4.14688177821204,0.859204887640453,5.39391700048855,4.53468490473866,28.1150464093798,38.0088009892528,38.7428274100312,39.9685021052879,,,,,,,,,,,,,,,,39.9685021052879,38.7428274100312,38.0088009892528,1.22567469525671,1.95970111603511
0.859232095749883,0,2.7208109428432,6.31516717692271,0.00506970517612898,0.000653951485332781,3.62774792379093,0.00333347174727244,-0.0244941866145583,-0.0061569048127924,0.000642387306046038,0.000668634994300621,0.000662516865564006,25.3942354665366,35.6092757694189,,,,,,,,,,,,,,,,35.6092757694189,25.3942354665366,6.31516717692271,10.2150403028823,29.2941085924962
0.859232095749883,0,2.7208109428432,6.17135041600517,2.34067961651198,-0.0258065284817212,0.000653951485332781,0.00333347174727244,-0.0335387186823926,-0.0061569048127924,0.000642387306046038,0.000668634994300621,0.000662516865564006,10.9219851350409,34.0162051172449,37.5091750122132,38.0184299904625,,,,,,,,,,,,,,38.0184299904625,37.5091750122132,34.0162051172449,0.509254978249253,4.00222487321756
1.76616907669762,0,2.7208109428432,6.31516717692271,0.017090994879266,0.000653951485332781,4.53468490473867,0.00333347174727244,0.724286434852402,0.000642387306046038,0.000668634994300621,0.000662516865564006,9.60468608242032,32.0681299724337,32.7850054958478,,,,,,,,,,,,,,,,32.7850054958478,32.0681299724337,9.60468608242032,0.716875523414075,23.1803194134275
3.58004303859309,0,2.7208109428432,6.17135041600517,0.859232095749883,0.00333347174727244,0.655633219345388,-0.0061569048127924,0.000642387306046038,0.859232095749882,25.0681299724337,,,,,,,,,,,,,,,,,,,,25.0681299724337,6.17135041600517,3.58004303859309,18.8967795564285,21.4880869338406
0.859232095749883,0,2.7208109428432,7.17422810286399,3.24761659745971,0.859232095749883,0.00333347174727244,-0.0244941866145583,-0.0061569048127924,0.000642387306046038,0.000668634994300621,0.000662516865564006,33.6796389751555,,,,,,,,,,,,,,,,,,33.6796389751555,7.17422810286399,3.24761659745971,26.5054108722915,30.4320223776957
3.92158906425864E-17,0.0132272864470655,2.7208109428432,7.17422810286399,3.24761659745971,-0.0265672962719834,0.000653951485332781,0.00333347174727244,-0.0244941866145583,-0.0061569048127924,0.000642387306046038,0.000668634994300621,0.000662516865564006,36.6644043548051,36.9161403447556,,,,,,,,,,,,,,,,36.9161403447556,36.6644043548051,7.17422810286399,0.251735989950511,29.7419122418916
3.58004303859309,0,2.7208109428432,7.17710578972281,0.017090994879266,0.000653951485332781,0.00333347174727244,6.04575818270644,-0.026160735222277,0.000642387306046038,0.000668634994300621,0.000662516865564006,39.9755383895133,40.7293469537305,,,,,,,,,,,,,,,,,40.7293469537305,39.9755383895133,7.17710578972281,0.75380856421711,33.5522411640076
0.859232095749883,0,2.7208109428432,7.17422810286399,0.017090994879266,0.000653951485332781,0.00333347174727244,-0.0244941866145583,-0.0061569048127924,0.000642387306046038,0.000668634994300621,0.000662516865564006,32.7400464093798,,,,,,,,,,,,,,,,,,32.7400464093798,7.17422810286399,2.7208109428432,25.5658183065158,30.0192354665366
5.54133410552159E-16,0.0257935855607511,2.7208109428432,6.31516717692271,0.017090994879266,0.000653951485332781,0.00333347174727244,-0.0244941866145583,-0.0061569048127924,0.000642387306046038,0.000668634994300621,0.000662516865564006,28.9152952491452,31.4999262131577,31.9942860632286,,,,,,,,,,,,,,,,31.9942860632286,31.4999262131577,28.9152952491452,0.494359850070968,3.07899081408341
3.92158906425864E-17,0.0132272864470655,2.7208109428432,6.32600984447337,2.30770453102102,-0.0258065284817212,0.000653951485332781,0.00333347174727244,-0.0244941866145583,-0.0061569048127924,0.000642387306046038,0.000668634994300621,0.000662516865564006,29.4714270448044,30.9942860632286,,,,,,,,,,,,,,,,30.9942860632286,29.4714270448044,6.32600984447337,1.5228590184242,24.6682762187552
10.8776523601613,3.86715206050669,6.31516717692271,0.859232095749883,0.906936980947734,0.00333347174727244,-0.0244941866145583,-0.0061569048127924,0.000642387306046038,0.000668634994300621,0.000662516865564006,5.87452165771051,39.4460360108872,44.9857209737831,,,,,,,,,,,,,,,,,44.9857209737831,39.4460360108872,10.8776523601613,5.53968496289581,34.1080686136218
8.11472794333175,3.6755923302394,7.17135041600517,0.859232095749883,0.00333347174727244,-0.0335387186823926,-0.0061569048127924,0.000642387306046038,0.000668634994300621,0.000662516865564006,27.6510442110407,43.4412845744065,,,,,,,,,,,,,,,,,,,43.4412845744065,27.6510442110407,8.11472794333175,15.7902403633658,35.3265566310747
8.11472794333175,3.6755923302394,7.17422810286399,2.34067961651198,-0.0258065284817212,0.000653951485332781,0.00333347174727244,0.724286434852402,0.90412164875428,0,15.4955922707011,22.033360376393,19.7039875427456,4.02527217530884,4.02438818712637,2.86910723009283,12.7437713727407,33.6796389751555,48.526787168214,,,,,,,,,,,,48.526787168214,33.6796389751555,22.033360376393,14.8471481930585,26.493426791821
8.11472794333175,2.7768991206644,6.31516717692271,0.017090994879266,0.000653951485332781,7.51730893351483,14.066427357108,16.8652971048334,15.013257894538,15.0122348035453,14.9006785481658,7.73942194733296,2.7208109428432,0.906936980947734,0,27.0381198094774,42.5650545513763,,,,,,,,,,,,,,42.5650545513763,27.0381198094774,16.8652971048334,15.5269347418989,25.6997574465429
2.67310605764535,2.7768991206644,6.17135041600517,0.017090994879266,0.000653951485332781,3.62774792379093,11.2825170981925,10.8699425116896,17.610335319399,15.5744643441623,17.8972062530534,17.0079618743749,17.0001635223695,10.5465794333171,7.8701773210506,5.06204637448534,3.62774792379094,14.1239902470515,24.4885197850514,,,,,,,,,,,,24.4885197850514,17.8972062530534,17.610335319399,6.59131353199809,6.87818446565245
2.67310605764535,2.7768991206644,6.17135041600517,0.017090994879266,0.000653951485332781,15.2391762335126,16.8838049875545,14.0000000000001,18.579872984856,19.6465011968736,16.0138417195897,7.83045371977288,7.05049782492386,7.42165170371279,1.87744259892527,26.5335806464747,24.686950415242,18.6726306790426,16.9468124084027,11.2402677699072,3.75679347826089,5.87870715274389,7.25549584758186,28.3121459320552,,,,,,,28.3121459320552,26.5335806464747,24.686950415242,1.77856528558055,3.62519551681326
0.859232095749883,2.7768991206644,6.30995263877019,2.40405120297998,-0.0258065284817212,0.000653951485332781,3.62774792379093,24.5074346604789,24.3414142647779,17.0246789727128,17.0874348640288,10.0033334717473,9.98333418010102,9.251501752274,-0.026160735222277,0.000642387306046038,0.000668634994300621,0.000662516865564006,4.53468490473868,29.3905461244099,29.7493588177823,,,,,,,,,,29.7493588177823,29.3905461244099,24.5074346604789,0.358812693372425,5.24192415730341
8.87180227421544E-16,2.7768991206644,6.17422810286398,0.017090994879266,0.000653951485332781,9.97630679042507,19.8268342754788,21.8684954899157,25.7369397288717,19.088941133366,18.1389609794823,5.01231622350946,4.86868740840257,2.8590118527113,2.51532969735038,-0.026160735222277,0.000642387306046038,0.000668634994300621,0.000662516865564006,27.9405227161701,31.5091750122132,31.9218542815272,,,,,,,,,31.9218542815272,31.5091750122132,27.9405227161701,0.41267926931399,3.98133156535705
1.76616907669762,2.7768991206644,6.31516717692271,0.00506970517612898,0.000653951485332781,11.7901807523205,23.3433803388235,24.2953102100637,22.3424632737806,9.57889594528584,5.87201036069048,1.80487347337568,-0.0335387186823926,-0.0061569048127924,0.000642387306046038,0.000668634994300621,0.000662516865564006,26.829448801382,31.1519340149349,31.1863354037269,,,,,,,,,,,31.1863354037269,31.1519340149349,26.829448801382,0.034401388791963,4.35688660234495
0.859232095749883,3.6755923302394,7.17422810286399,0.017090994879266,0.000653951485332781,4.53468490473867,17.3420260049551,21.7300633767187,20.0381176285855,20.4654688481403,10.5346849047387,6.06245347430622,2.80487347337569,0.561635075720569,0.000642387306046038,0.000668634994300621,0.000662516865564006,4.53468490473868,31.1184834950103,32.6537437917279,,,,,,,,,,,32.6537437917279,31.1184834950103,21.7300633767187,1.53526029671762,10.9236804150093
4.48698001954082,2.7768991206644,7.17422810286399,0.859232095749883,5.4416218856864,23.0290669272107,25.7407268476518,24.4109672691745,16.0738973410567,10.09992555889,4.67761406936984,1.73460205352782,1.6812961651197,-0.0261335610547961,0.000642387306046038,0.000668634994300621,0.000662516865564006,9.06936980947736,35.5215941011237,37.7172749901135,,,,,,,,,,,37.7172749901135,35.5215941011237,25.7407268476518,2.19568088898978,11.9765481424618
3.58004303859309,3.6755923302394,7.32600984447337,0.00506970517612898,0.000653951485332781,14.4737562373509,17.7362418434644,25.1091307401076,26.2877992183685,16.0862135645661,9.04996277944501,7.63790352955549,1.96646128131762,1.5257722887152,-0.0261335610547961,0.000642387306046038,0.000668634994300621,0.000662516865564006,36.2073548398355,37.9282123083725,,,,,,,,,,,37.9282123083725,36.2073548398355,26.2877992183685,1.72085746853703,11.640413090004
5.94307312437003E-16,2.7768991206644,6.31516717692271,0.017090994879266,0.000653951485332781,8.1624328285296,15.4739819596623,21.7807691133367,22.2255303929096,8.62774792379096,5.8692446262824,1.87736982169029,-0.0244941866145583,0.561635075720569,0.000642387306046038,0.859232095749882,29.4714270448044,30.8074926722034,,,,,,,,,,,,,30.8074926722034,29.4714270448044,22.2255303929096,1.33606562739901,8.58196227929381
3.58004303859309,3.6755923302394,7.17135041600517,3.30988901441135,0.859232095749883,13.604054714216,19.8119227906112,20.5609428431853,14.87755709575,9.57516814851008,10.3917294088911,1.76614186858819,0.000668634994300621,0.000662516865564006,3.62774792379094,17.8031294344803,34.1036774199179,,,,,,,,,,,,,,34.1036774199179,20.5609428431853,19.8119227906112,13.5427345767326,14.2917546293066
4.48698001954082,3.6755923302394,7.17135041600517,3.30988901441135,0.859232095749883,10.2928218124085,9.74297752808995,10.869339858562,19.1725085490964,19.9051578965735,19.9726659187663,20.2525928676113,12.4084794891916,8.02524891246196,9.47012472448071,5.55776746458235,4.53468490473867,19.823549852281,37.1189120402682,,,,,,,,,,,,37.1189120402682,20.2525928676113,19.9726659187663,16.8663191726569,17.146246121502
2.19130459593518E-16,3.6755923302394,7.32600984447337,2.34067961651198,0.859232095749883,11.7901807523205,15.4089698571662,17.2044407669762,13.6907495999736,4.00000000000003,7.63964245236937,5.87017732105059,2.77625793844652,17.231802638007,27.5917217705354,27.8998694372719,36.248409039361,,,,,,,,,,,,,,36.248409039361,27.8998694372719,27.5917217705354,8.34853960208906,8.65668726882551
3.92158906425864E-17,3.6755923302394,7.17422810286399,3.24761659745971,-0.0265672962719834,0.000653951485332781,0.00333347174727244,0.724286434852402,2.7305208912433,0,5.74035464210114,0,6.62573277967762,19.0456765999024,29.613784399935,29.8840870495733,35.3891899731316,,,,,,,,,,,,,,35.3891899731316,29.8840870495733,29.613784399935,5.50510292355831,5.77540557319659
5.54133410552159E-16,3.6755923302394,7.17710578972281,0.017090994879266,0.000653951485332781,0.00333347174727244,5.1388212017587,-0.026160735222277,0.000642387306046038,0.000668634994300621,0.000662516865564006,3.62774792379094,16.3248656570592,22.6667102845048,32.4769337968457,,,,,,,,,,,,,,,,32.4769337968457,22.6667102845048,16.3248656570592,9.81022351234098,16.1520681397866
2.67310605764535,2.7768991206644,7.17422810286399,0.859232095749883,0.00333347174727244,-0.0335387186823926,-0.0061569048127924,0.000642387306046038,0.000668634994300621,0.000662516865564006,21.7664875427455,29.3671738694258,,,,,,,,,,,,,,,,,,,29.3671738694258,21.7664875427455,7.17422810286399,7.60068632668029,22.1929457665618
1.76616907669762,2.7768991206644,6.31516717692271,2.34067961651198,-0.0258065284817212,0.000653951485332781,0.00333347174727244,-0.0244941866145583,-0.0061569048127924,0.000642387306046038,0.000668634994300621,0.000662516865564006,26.5315324255009,29.6062148876406,,,,,,,,,,,,,,,,,29.6062148876406,26.5315324255009,6.31516717692271,3.07468246213977,23.2910477107179
0.859232095749883,2.7768991206644,6.32600984447337,2.30770453102102,-0.0258065284817212,0.000653951485332781,0.00333347174727244,-0.0244941866145583,-0.0061569048127924,0.000642387306046038,0.000668634994300621,0.000662516865564006,21.4789631167563,24.4775862470051,,,,,,,,,,,,,,,,,24.4775862470051,21.4789631167563,6.32600984447337,2.99862313024874,18.1515764025317
1.76616907669762,2.7768991206644,6.32600984447337,3.21464151196875,-0.0265672962719834,0.000653951485332781,0.00333347174727244,-0.0244941866145583,-0.0061569048127924,0.000642387306046038,0.000668634994300621,0.000662516865564006,23.3561385564241,34.8752849698748,,,,,,,,,,,,,,,,,34.8752849698748,23.3561385564241,6.32600984447337,11.5191464134507,28.5492751254015
3.92158906425864E-17,2.7768991206644,6.31516717692271,2.34067961651198,0.859232095749883,0.00333347174727244,-0.0244941866145583,-0.0061569048127924,0.000642387306046038,0.000668634994300621,0.000662516865564006,22.0918875183196,36.5650545513762,,,,,,,,,,,,,,,,,,36.5650545513762,22.0918875183196,6.31516717692271,14.4731670330566,30.2498873744535
0.859232095749883,3.6755923302394,7.17710578972281,0.017090994879266,0.000653951485332781,0.00333347174727244,-0.0244941866145583,-0.0061569048127924,0.000642387306046038,0.000668634994300621,0.000662516865564006,24.1138022105521,32.0698583292625,,,,,,,,,,,,,,,,,,32.0698583292625,24.1138022105521,7.17710578972281,7.95605611871041,24.8927525395397
6.30085398143629,3.6755923302394,7.17422810286399,0.00506970517612898,0.000653951485332781,0.00333347174727244,-0.0335387186823926,-0.0061569048127924,0.000642387306046038,0.000668634994300621,0.000662516865564006,36.2073548398355,38.4629310169356,39.0305019540794,,,,,,,,,,,,,,,,,39.0305019540794,38.4629310169356,36.2073548398355,0.567570937143799,2.82314711424388
3.58004303859309,2.7768991206644,6.31516717692271,0.017090994879266,0.000653951485332781,0.00333347174727244,-0.0273340812338616,-0.0061569048127924,0.000642387306046038,0.000668634994300621,0.000662516865564006,36.3216172185779,40.1899175186687,40.2360248447207,,,,,,,,,,,,,,,,,40.2360248447207,40.1899175186687,36.3216172185779,0.0461073260520521,3.91440762614283
1.76616907669762,3.6755923302394,7.17422810286399,3.24761659745971,-0.0265672962719834,0.000653951485332781,0.00333347174727244,-0.0244941866145583,-0.0061569048127924,0.000642387306046038,0.000668634994300621,0.000662516865564006,20.3271148835696,23.0886281753788,23.1490683229815,,,,,,,,,,,,,,,,23.1490683229815,23.0886281753788,20.3271148835696,0.0604401476027618,2.82195343941193
3.92158906425864E-17,3.6755923302394,7.17135041600517,0.00506970517612898,0.000653951485332781,0.00333347174727244,0.724286434852402,0.000642387306046038,0.000668634994300621,0.000662516865564006,19.3123091719591,24.2405621903135,,,,,,,,,,,,,,,,,,,24.2405621903135,19.3123091719591,7.17135041600517,4.92825301835445,17.0692117743083
0.859232095749883,3.6755923302394,7.17422810286399,2.34067961651198,-0.0258065284817212,0.000653951485332781,0.00333347174727244,-0.0335387186823926,-0.0061569048127924,0.000642387306046038,0.000668634994300621,0.000662516865564006,19.0456765999024,28.1299564403194,,,,,,,,,,,,,,,,,28.1299564403194,19.0456765999024,7.17422810286399,9.084279840417,20.9557283374554
1.42150990982326E-17,-0.02502273906937,2.7768991206644,6.31516717692271,0.017090994879266,0.000653951485332781,0.00333347174727244,-0.0244941866145583,-0.0061569048127924,0.000642387306046038,0.000668634994300621,0.000662516865564006,21.2618542379092,32.8993242142976,,,,,,,,,,,,,,,,,32.8993242142976,21.2618542379092,6.31516717692271,11.6374699763883,26.5841570373748
5.54133410552159E-16,2.7768991206644,6.31516717692271,0.017090994879266,0.000653951485332781,0.00333347174727244,-0.0244941866145583,-0.0061569048127924,0.000642387306046038,0.000668634994300621,0.000662516865564006,25.8462383976552,33.8993242142976,,,,,,,,,,,,,,,,,,33.8993242142976,25.8462383976552,6.31516717692271,8.05308581664236,27.5841570373749
0.859232095749883,2.7768991206644,6.32600984447337,0.017090994879266,0.000653951485332781,0.00333347174727244,-0.0244941866145583,-0.0061569048127924,0.000642387306046038,0.000668634994300621,0.000662516865564006,16.3248656570592,26.3291903656921,,,,,,,,,,,,,,,,,,26.3291903656921,16.3248656570592,6.32600984447337,10.004324708633,20.0031805212188
1.76616907669762,2.7768991206644,6.31516717692271,0.00506970517612898,0.000653951485332781,3.62774792379093,5.65617395375349,1.68615078977366,1.6812961651197,-0.0261335610547961,0.000642387306046038,0.000668634994300621,18.0924037707622,22.6045279677578,20.770395701026,1.81387396189547,15.1083216292136,23.1707173098845,27.595604848559,,,,,,,,,,,,27.595604848559,23.1707173098845,22.6045279677578,4.42488753867453,4.99107688080121
3.58004303859309,2.7768991206644,6.31516717692271,0.859232095749883,12.14202055447,13.3887125660084,12.7454214738286,30.0508948552762,,,,,,,,,,,,,,,,,,,,,,,30.0508948552762,13.3887125660084,12.7454214738286,16.6621822892678,17.3054733814475
0.859232095749883,2.7768991206644,6.32600984447337,2.30770453102102,-0.0258065284817212,0.000653951485332781,8.90693698094778,21.3490150365228,22.646019087166,23.2515017522741,,,,,,,,,,,,,,,,,,,,,23.2515017522741,22.646019087166,21.3490150365228,0.605482665108056,1.90248671575128
0.859232095749883,2.7768991206644,6.31516717692271,2.34067961651198,-0.0258065284817212,0.000653951485332781,19.6005511113826,23.1705697361995,23.1143528857563,18.8774044333172,24.3521311675624,,,,,,,,,,,,,,,,,,,,24.3521311675624,23.1705697361995,23.1143528857563,1.18156143136297,1.23777828180613
5.39391700048855,3.6755923302394,7.17710578972281,3.21464151196875,-0.0265672962719834,0.000653951485332781,6.07483948635638,21.1844816456139,30.6067797386421,,,,,,,,,,,,,,,,,,,,,,30.6067797386421,21.1844816456139,7.17710578972281,9.42229809302818,23.4296739489193
0.859232095749883,3.6755923302394,7.17422810286399,3.24761659745971,-0.0265672962719834,0.000653951485332781,8.1624328285296,21.5029027671158,22.8687212122271,26.879389044944,,,,,,,,,,,,,,,,,,,,,26.879389044944,22.8687212122271,21.5029027671158,4.01066783271688,5.3764862778282
3.58004303859309,3.6755923302394,7.17422810286399,3.24761659745971,-0.0265672962719834,-0.0248929989008307,8.21372740595999,27.9352075191339,34.1644203480124,,,,,,,,,,,,,,,,,,,,,,34.1644203480124,27.9352075191339,8.21372740595999,6.22921282887853,25.9506929420524
3.58004303859309,2.7768991206644,6.31516717692271,2.34067961651198,-0.0258065284817212,0.000653951485332781,18.4976871641428,30.1391249098566,,,,,,,,,,,,,,,,,,,,,,,30.1391249098566,18.4976871641428,6.31516717692271,11.6414377457139,23.8239577329339
1.76616907669762,3.6755923302394,7.17710578972281,0.017090994879266,0.000653951485332781,24.6834697117735,24.8770991084515,24.740998005211,22.8239802149488,6.07623525717081,4.53468490473867,0.00333347174727244,0.655633219345388,-0.0061569048127924,0.000642387306046038,0.000668634994300621,0.000662516865564006,23.580361504641,31.3924962052483,,,,,,,,,,,,31.3924962052483,24.8770991084515,24.740998005211,6.51539709679676,6.65149820003728
1.76616907669762,3.6755923302394,7.17422810286399,3.24761659745971,-0.0265672962719834,0.000653951485332781,21.6570336671553,26.4607559407497,26.8783483960269,,,,,,,,,,,,,,,,,,,,,,26.8783483960269,26.4607559407497,21.6570336671553,0.417592455277173,5.22131472887154
3.58004303859309,2.7768991206644,6.17422810286398,-1.16739720627749,0.00506970517612898,0.000653951485332781,21.28027296043,28.5293242724546,28.871405890153,,,,,,,,,,,,,,,,,,,,,,28.871405890153,28.5293242724546,21.28027296043,0.342081617698373,7.59113292972299
5.54133410552159E-16,2.7768991206644,6.31516717692271,2.34067961651198,0.859232095749883,18.5652326575477,26.7358929007609,,,,,,,,,,,,,,,,,,,,,,,,26.7358929007609,18.5652326575477,6.31516717692271,8.17066024321311,20.4207257238381
5.54133410552159E-16,2.7768991206644,6.31516717692271,0.859232095749883,17.6411440522717,26.7549920615537,,,,,,,,,,,,,,,,,,,,,,,,,26.7549920615537,17.6411440522717,6.31516717692271,9.11384800928193,20.4398248846309
2.67310605764535,3.6755923302394,7.17422810286399,0.00506970517612898,0.000653951485332781,13.9559721543723,19.1621522204389,19.0370708004747,20.4550561797754,14.0508235047806,13.5019050090726,7.67701209086473,4.04996277944497,1.8590118527113,1.5257722887152,-0.0261335610547961,0.000642387306046038,0.000668634994300621,0.000662516865564006,12.2484090393608,28.2136459859959,,,,,,,,,,28.2136459859959,20.4550561797754,19.1621522204389,7.75858980622054,9.05149376555708
3.92158906425864E-17,3.6755923302394,7.17422810286399,2.34067961651198,-0.0258065284817212,0.000653951485332781,8.1624328285296,12.9319329099496,19.5346849047388,15.9069369809478,14.5372231191989,11.2444392973458,1.76614186858819,0.000668634994300621,0.000662516865564006,11.7901807523205,19.270395701026,26.3511006961409,,,,,,,,,,,,,26.3511006961409,19.5346849047388,19.270395701026,6.8164157914021,7.08070499511486
1.76616907669762,3.6755923302394,7.17710578972281,0.017090994879266,0.000653951485332781,16.7404476934888,18.0863764044945,22.0486600600183,22.0033334717474,21.9726659187663,21.3887125660085,19.5592054703531,10.7434162508433,7.39391700048856,2.02446960709053,19.7799600024427,27.3094772838301,,,,,,,,,,,,,,27.3094772838301,22.0486600600183,22.0033334717474,5.26081722381186,5.30614381208274
1.42150990982326E-17,-0.02502273906937,2.7768991206644,6.32600984447337,0.017090994879266,0.000653951485332781,4.53468490473867,8.73173248598419,16.1094851350409,16.0286638041735,20.8075275682184,21.693031411059,11.5465794333171,8.03670441063582,5.87368455870383,2.7208109428432,3.62774792379094,20.3478675239027,16.0000000000001,28.2663654127994,,,,,,,,,,,28.2663654127994,21.693031411059,20.8075275682184,6.57333400174038,7.45883784458095
1.42150990982326E-17,-0.02502273906937,3.6755923302394,7.17422810286399,0.017090994879266,0.000653951485332781,4.29597909135323,9.46417503911072,13.7454214738287,12.8951382999512,3.01223480354528,2.02481854979414,1.81387396189547,4.53468490473867,12.7508549096239,24.8507495725453,36.0458190848398,,,,,,,,,,,,,,36.0458190848398,24.8507495725453,13.7454214738287,11.1950695122945,22.3003976110112
3.58004303859309,3.6755923302394,7.32600984447337,3.24761659745971,0.859232095749883,4.29597909135323,-0.122800635075723,6.00325696140697,-0.026160735222277,0.000642387306046038,5.39391700048855,5.87619585572386,5.44162188568641,0,7.25549584758187,0,29.9289203712751,42.2982311512786,,,,,,,,,,,,,42.2982311512786,29.9289203712751,7.32600984447337,12.3693107800034,34.9722213068052
3.92158906425864E-17,3.6755923302394,7.17422810286399,2.34067961651198,0.859232095749883,0.00333347174727244,-0.0273340812338616,-0.0061569048127924,0.000642387306046038,0.000668634994300621,0.000662516865564006,6.6326941866146,0,6.34855886663412,5.87559792786195,3.62774792379093,0,1.98490478923862,1.97421392281389,13.0123162235095,14.781463727406,18.5801172447485,,,,,,,,,18.5801172447485,14.781463727406,13.0123162235095,3.79865351734248,5.56780102123902
2.67310605764535,2.7768991206644,6.31516717692271,2.34067961651198,-0.0258065284817212,0.000653951485332781,0.00333347174727244,-0.0335387186823926,-0.0061569048127924,0.000642387306046038,0.000668634994300621,0.000662516865564006,15.7888067904251,16.3545050683929,,,,,,,,,,,,,,,,,16.3545050683929,15.7888067904251,6.31516717692271,0.565698277967748,10.0393378914702
5.54133410552159E-16,2.7768991206644,6.31516717692271,3.24761659745971,-0.0265672962719834,0.000653951485332781,0.00333347174727244,-0.0244941866145583,-0.0061569048127924,0.000642387306046038,0.000668634994300621,0.000662516865564006,9.97630679042505,30.9661060320564,31.0783387274061,,,,,,,,,,,,,,,,31.0783387274061,30.9661060320564,9.97630679042505,0.112232695349732,21.1020319369811
3.92158906425864E-17,3.6755923302394,7.17422810286399,0.859232095749883,0.00333347174727244,0.724286434852402,0.000642387306046038,0.000668634994300621,0.000662516865564006,20.8595505617978,33.9954811919885,,,,,,,,,,,,,,,,,,,,33.9954811919885,20.8595505617978,7.17422810286399,13.1359306301907,26.8212530891245
2.67310605764535,3.6755923302394,7.17422810286399,2.34067961651198,-0.0258065284817212,0.000653951485332781,0.00333347174727244,-0.0244941866145583,-0.0061569048127924,0.000642387306046038,0.000668634994300621,0.000662516865564006,16.3248656570592,24.3038680298697,30.0440031288531,,,,,,,,,,,,,,,,30.0440031288531,24.3038680298697,16.3248656570592,5.74013509898342,13.7191374717939
5.54133410552159E-16,3.6755923302394,7.17422810286399,2.34067961651198,-0.0258065284817212,0.000653951485332781,4.29597909135323,-0.122800635075723,5.09631998045924,-0.026160735222277,0.000642387306046038,0.000668634994300621,0.000662516865564006,4.53468490473866,26.9442389559636,31.1384212087377,31.220435829437,,,,,,,,,,,,,,31.220435829437,31.1384212087377,26.9442389559636,0.0820146206992689,4.27619687347338
1.76616907669762,3.6755923302394,7.17422810286399,3.24761659745971,-0.0265672962719834,0.000653951485332781,0.00333347174727244,-0.0244941866145583,-0.0061569048127924,0.000642387306046038,0.000668634994300621,0.000662516865564006,11.7901807523205,27.3975504222208,27.6536656431016,,,,,,,,,,,,,,,,27.6536656431016,27.3975504222208,11.7901807523205,0.256115220880719,15.8634848907811
1.76616907669762,2.7768991206644,6.32600984447337,0.017090994879266,0.000653951485332781,0.00333347174727244,-0.0244941866145583,-0.0061569048127924,0.000642387306046038,0.000668634994300621,0.000662516865564006,18.1387396189546,35.4412845744064,,,,,,,,,,,,,,,,,,35.4412845744064,18.1387396189546,6.32600984447337,17.3025449554518,29.1152747299331
1.76616907669762,3.6755923302394,7.17135041600517,3.30988901441135,0.859232095749883,0.00333347174727244,-0.0335387186823926,-0.0061569048127924,0.000642387306046038,0.000668634994300621,0.000662516865564006,29.0219833903274,40.2741919068558,,,,,,,,,,,,,,,,,,40.2741919068558,29.0219833903274,7.17135041600517,11.2522085165284,33.1028414908507
2.67310605764535,3.6755923302394,7.17422810286399,3.24761659745971,0.859232095749883,0.00333347174727244,0.724286434852402,0.000642387306046038,0.000668634994300621,0.000662516865564006,23.580361504641,34.430479708982,,,,,,,,,,,,,,,,,,,34.430479708982,23.580361504641,7.17422810286399,10.850118204341,27.256251606118
5.54133410552159E-16,3.6755923302394,7.17710578972281,2.30770453102102,-0.0258065284817212,0.000653951485332781,4.29597909135323,5.1388212017587,-0.026160735222277,0.000642387306046038,0.000668634994300621,0.000662516865564006,13.9702613580851,25.2146063053948,,,,,,,,,,,,,,,,,25.2146063053948,13.9702613580851,7.17710578972281,11.2443449473097,18.037500515672
0.859232095749883,2.7768991206644,6.17135041600517,0.859232095749883,0.00333347174727244,-0.0244941866145583,-0.0061569048127924,0.000642387306046038,0.000668634994300621,0.000662516865564006,7.73084958824765,14.6156963151651,29.2139236862309,,,,,,,,,,,,,,,,,,29.2139236862309,14.6156963151651,7.73084958824765,14.5982273710658,21.4830740979832
5.54133410552159E-16,2.7768991206644,6.17422810286398,0.017090994879266,0.000653951485332781,0.00333347174727244,-0.0244941866145583,-0.0061569048127924,0.000642387306046038,0.000668634994300621,0.000662516865564006,9.49216841719595,24.2229994678625,27.6010098256451,,,,,,,,,,,,,,,,,27.6010098256451,24.2229994678625,9.49216841719595,3.37801035778261,18.1088414084492
4.48698001954082,2.7768991206644,6.31516717692271,0.00506970517612898,0.000653951485332781,0.00333347174727244,-0.0244941866145583,-0.0061569048127924,0.000642387306046038,4.48698001954082,10.8832437713728,25.9500106863704,28.8292885058275,,,,,,,,,,,,,,,,,,28.8292885058275,25.9500106863704,10.8832437713728,2.87927781945706,17.9460447344547
1.42150990982326E-17,-0.02502273906937,3.6755923302394,7.17710578972281,1.76616907669762,0.00333347174727244,-0.0244941866145583,-0.0061569048127924,0.000642387306046038,0.000668634994300621,0.000662516865564006,8.16243282852958,30.5992796514064,33.0684959987905,,,,,,,,,,,,,,,,,33.0684959987905,30.5992796514064,8.16243282852958,2.4692163473841,24.9060631702609
5.39391700048855,3.6755923302394,7.17135041600517,3.30988901441135,1.76616907669762,0.00333347174727244,-0.0244941866145583,-0.0061569048127924,0.000642387306046038,0.859232095749882,9.31350757205671,26.3702165771049,26.3898387884711,,,,,,,,,,,,,,,,,,26.3898387884711,26.3702165771049,9.31350757205671,0.0196222113661975,17.0763312164144
0.859232095749883,2.7768991206644,6.31516717692271,0.859232095749883,0.00333347174727244,-0.0244941866145583,-0.0061569048127924,0.000642387306046038,0.000668634994300621,0.000662516865564006,7.25549584758188,21.8173088666342,26.9758884226628,28.0248185497943,28.0745254379233,,,,,,,,,,,,,,,,28.0745254379233,28.0248185497943,26.9758884226628,0.0497068881289664,1.09863701526044
7.20779096238402,3.6755923302394,7.17422810286399,0.859232095749883,0.00333347174727244,5.1388212017587,-0.026160735222277,0.000642387306046038,0.000668634994300621,35.8312303948725,,,,,,,,,,,,,,,,,,,,,35.8312303948725,7.20779096238402,7.17422810286399,28.6234394324885,28.6570022920085
2.67310605764535,2.7768991206644,6.17135041600517,1.76616907669762,12.6971177332683,13.9815327308257,13.9664612813177,13.5827953381256,10.7531942998138,15.7299858238393,30.4820357982502,,,,,,,,,,,,,,,,,,,,30.4820357982502,15.7299858238393,13.9815327308257,14.752049974411,16.5005030674246
2.67310605764535,2.7768991206644,6.31516717692271,0.017090994879266,0.000653951485332781,3.62774792379093,15.1052302149488,28.3897166585248,30.6985186073699,,,,,,,,,,,,,,,,,,,,,,30.6985186073699,28.3897166585248,15.1052302149488,2.30880194884502,15.5932883924211
3.58004303859309,2.7768991206644,6.32600984447337,0.017090994879266,0.000653951485332781,19.3328815252287,18.9026435317655,13.8699028921535,13.0000000000001,15.6545554469957,23.0941927210553,24.7265064693979,,,,,,,,,,,,,,,,,,,24.7265064693979,23.0941927210553,19.3328815252287,1.63231374834254,5.3936249441692
5.94307312437003E-16,2.7768991206644,6.32600984447337,0.017090994879266,0.000653951485332781,18.626685102473,25.4848406204203,27.0609177629285,27.1143528857563,,,,,,,,,,,,,,,,,,,,,,27.1143528857563,27.0609177629285,25.4848406204203,0.0534351228278389,1.62951226533605
3.58004303859309,3.6755923302394,7.17710578972281,8.1179470676455,8.04407471503017,3.67537860283344,0.906936980947734,20.910680118408,20.8138739618956,19.0159554051226,4.02463244701889,2.86813019052273,0.96507622711518,1.5257722887152,-0.0261335610547961,0.000642387306046038,0.000668634994300621,0.000662516865564006,17.1284708894551,21.1258374624888,21.1959429594995,,,,,,,,,,21.1959429594995,21.1258374624888,20.910680118408,0.0701054970107116,0.28526284109148
6.30085398143629,3.6755923302394,7.17422810286399,0.017090994879266,0.000653951485332781,7.25549584758187,22.6498559884385,26.7797768075234,24.9631211180126,16.1360527601369,6.88499139274669,3.62774792379093,0.00333347174727244,-0.0244941866145583,-0.0061569048127924,0.000642387306046038,0.000668634994300621,0.000662516865564006,3.62774792379092,19.0456765999024,28.3523448949684,,,,,,,,,,28.3523448949684,26.7797768075234,24.9631211180126,1.57256808744506,3.38922377695586
0.859232095749883,3.6755923302394,7.17422810286399,3.24761659745971,0.859232095749883,0,27.7037749057856,31.4414615901321,,,,,,,,,,,,,,,,,,,,,,,31.4414615901321,27.7037749057856,7.17422810286399,3.73768668434644,24.2672334872681
6.30085398143629,2.7768991206644,6.17135041600517,2.34067961651198,-0.0258065284817212,0.000653951485332781,24.6837750366391,31.7439836462188,,,,,,,,,,,,,,,,,,,,,,,31.7439836462188,24.6837750366391,6.30085398143629,7.06020860957967,25.4431296647825
0.859232095749883,3.6755923302394,6.30995263877019,3.30988901441135,0.859232095749883,0,26.7076376288182,29.9331004140789,,,,,,,,,,,,,,,,,,,,,,,29.9331004140789,26.7076376288182,6.30995263877019,3.22546278526068,23.6231477753087
3.58004303859309,3.6755923302394,7.17135041600517,1.76616907669762,0,18.775952613581,28.1140642810619,28.4717858015216,,,,,,,,,,,,,,,,,,,,,,,28.4717858015216,28.1140642810619,18.775952613581,0.357721520459666,9.6958331879406
1.76616907669762,3.6755923302394,7.17422810286399,2.34067961651198,-0.0258065284817212,0.000653951485332781,23.0529738641916,29.7612119652455,,,,,,,,,,,,,,,,,,,,,,,29.7612119652455,23.0529738641916,7.17422810286399,6.70823810105386,22.5869838623815
1.42150990982326E-17,-0.02502273906937,3.6755923302394,6.17422810286398,0.859232095749883,0,27.0356008793358,33.5224239304908,,,,,,,,,,,,,,,,,,,,,,,33.5224239304908,27.0356008793358,6.17422810286398,6.48682305115504,27.3481958276268
0.859232095749883,3.6755923302394,7.17422810286399,0.017090994879266,0.000653951485332781,27.7090559355156,36.619001093354,,,,,,,,,,,,,,,,,,,,,,,,36.619001093354,27.7090559355156,7.17422810286399,8.90994515783847,29.44477299049
5.54133410552159E-16,3.6755923302394,6.31516717692271,0.017090994879266,0.000653951485332781,19.2977833414754,30.6159754693281,,,,,,,,,,,,,,,,,,,,,,,,30.6159754693281,19.2977833414754,6.31516717692271,11.3181921278527,24.3008082924054
2.67310605764535,3.6755923302394,6.17422810286398,0.017090994879266,0.000653951485332781,19.817866447996,24.8810367087726,,,,,,,,,,,,,,,,,,,,,,,,24.8810367087726,19.817866447996,6.17422810286398,5.06317026077654,18.7068086059086
1.42150990982326E-17,-0.02502273906937,3.6755923302394,6.31516717692271,2.34067961651198,-0.0258065284817212,0.000653951485332781,4.53468490473867,17.3449920179358,21.901102368158,20.5326010625307,14.1270587619514,6.62491058343224,0,0.906936980947733,0.00333347174727244,-0.0335387186823926,-0.0061569048127924,0.000642387306046038,0.000668634994300621,0.000662516865564006,8.6115090027218,24.3483495010121,,,,,,,,24.3483495010121,21.901102368158,20.5326010625307,2.44724713285414,3.81574843848144
3.92158906425864E-17,2.7768991206644,6.31516717692271,2.34067961651198,-0.0258065284817212,0.000653951485332781,7.60458358050113,16.0366346220952,16.0126186405193,14.0378035801522,14.0489159513342,14.9069369809478,14.9053524655711,6.84096356165822,5.38518133854424,-0.026160735222277,0.000642387306046038,0.000668634994300621,0.000662516865564006,12.4769337968456,21.4792019244191,,,,,,,,,,21.4792019244191,16.0366346220952,16.0126186405193,5.44256730232398,5.46658328389981
0.859232095749883,3.6755923302394,7.17422810286399,0.00506970517612898,0.000653951485332781,13.7789829628726,16.8751195855725,20.0486600600183,20.0539941365996,15.8790341556751,19.7573088974575,19.810627298951,14.4639264847949,11.2686839460186,2.87017732105057,6.34855886663412,0,18.8759770395702,27.815186858818,,,,,,,,,,,,27.815186858818,20.0539941365996,20.0486600600183,7.7611927222184,7.7665267987997
4.48698001954082,2.7768991206644,6.31516717692271,0.859232095749883,7.25549584758187,13.1581451950591,17.4190860771862,21.7949729005282,21.7615252448416,20.8652971048334,18.9286019052273,9.86985527601374,5.03722782469122,3.75946507083539,0.906936980947733,19.0456765999024,31.5705213203994,,,,,,,,,,,,,,31.5705213203994,21.7949729005282,21.7615252448416,9.77554841987119,9.80899607555779
1.76616907669762,2.7768991206644,6.31516717692271,2.34067961651198,-0.0258065284817212,0.000653951485332781,0.00333347174727244,-0.124656765999023,5.78241823283787,5.72690470956339,-0.026160735222277,12.7632699124155,11.0000000000001,11.85923209575,12.7322937021658,2.00000000000001,3.75946507083539,0.906936980947733,0.906936980947733,0,0.906936980947733,6.34855886663413,0,7.08714226103245,7.08844243608538,0,7.25549584758187,0,23.580361504641,37.8369666992349,37.8369666992349,23.580361504641,12.7632699124155,14.2566051945939,25.0736967868194
0.859232095749883,2.7768991206644,6.17422810286398,0.017090994879266,0.000653951485332781,0.00333347174727244,-0.0244941866145583,-0.0061569048127924,0.000642387306046038,0.000668634994300621,0.000662516865564006,6.73709675308819,3.62774792379094,5.44162188568641,8.48896505048044,0,10.8832437713728,26.5431874752834,,,,,,,,,,,,,26.5431874752834,10.8832437713728,8.48896505048044,15.6599437039106,18.054222424803
0.859232095749883,2.7768991206644,6.31516717692271,2.34067961651198,-0.0258065284817212,0.000653951485332781,0.00333347174727244,-0.0244941866145583,4.1893829995115,-0.026160735222277,0.000642387306046038,7.57569261419155,11.6118197798172,17.5334483390328,18.8138739618956,17.9736635408671,18.0248108070464,17.8237584137357,18.8782506193734,19.7365766103707,,,,,,,,,,,19.7365766103707,18.8782506193734,18.8138739618956,0.858325990997262,0.922702648475116
2.67310605764535,2.7768991206644,6.17135041600517,0.859232095749883,0.00333347174727244,-0.0244941866145583,-0.0061569048127924,0.000642387306046038,0.000668634994300621,0.000662516865564006,12.4753461075442,12.7608390327309,13.2059382510992,20.1711952674647,21.8806059826228,23.4761021500688,,,,,,,,,,,,,,,23.4761021500688,21.8806059826228,20.1711952674647,1.59549616744597,3.30490688260405
4.48698001954082,2.7768991206644,6.17135041600517,0.017090994879266,0.000653951485332781,0.00333347174727244,-0.0335387186823926,-0.0061569048127924,0.000642387306046038,0.000668634994300621,0.000662516865564006,3.62774792379094,0,5.4416218856864,5.44162188568641,6.38983878847095,0.906936980947735,6.34855886663414,9.75035330448746,0,1.83234182034686,7.39206428920375,15.8819359631983,23.7322569904856,,,,,,,23.7322569904856,15.8819359631983,9.75035330448746,7.85032102728736,13.9819036859982
5.54133410552159E-16,3.6755923302394,6.31516717692271,2.34067961651198,-0.0258065284817212,0.000653951485332781,0.00333347174727244,-0.0244941866145583,-0.0061569048127924,0.000642387306046038,0.000668634994300621,0.000662516865564006,22.323422997069,24.6386211238283,,,,,,,,,,,,,,,,,24.6386211238283,22.323422997069,6.31516717692271,2.31519812675924,18.3234539469056
2.67310605764535,3.6755923302394,7.17422810286399,0.00506970517612898,0.000653951485332781,0.00333347174727244,0.724286434852402,0.000642387306046038,0.859232095749882,5.04947425965993,5.06230808151305,30.0105108085004,36.5499627794452,36.9827709540096,,,,,,,,,,,,,,,,,36.9827709540096,36.5499627794452,30.0105108085004,0.432808174564364,6.9722601455091
3.63864405532489,3.6755923302394,7.17422810286399,0.00506970517612898,0.000653951485332781,0.00333347174727244,-0.0335387186823926,-0.0061569048127924,0.000642387306046038,0.000668634994300621,0.000662516865564006,11.3679393624817,16.7367350885152,21.8980825598438,28.3271774024707,,,,,,,,,,,,,,,,28.3271774024707,21.8980825598438,16.7367350885152,6.42909484262688,11.5904423139555
2.73376801722034,3.6755923302394,7.17422810286399,0.017090994879266,0.000653951485332781,0.00333347174727244,-0.0335387186823926,-0.0061569048127924,0.000642387306046038,0.000668634994300621,0.000662516865564006,3.62774792379094,12.9069369809478,12.7208109428433,25.823339032731,,,,,,,,,,,,,,,,25.823339032731,12.9069369809478,12.7208109428433,12.9164020517832,13.1025280898877
1,3.6755923302394,7.17422810286399,0.017090994879266,0.000653951485332781,3.62774792379093,0.00333347174727244,-0.0335387186823926,-0.0061569048127924,0.000642387306046038,0.000668634994300621,0.000662516865564006,12.6971177332683,27.0922589969062,,,,,,,,,,,,,,,,,27.0922589969062,12.6971177332683,7.17422810286399,14.3951412636379,19.9180308940422
1,0.973572894276182,2.7768991206644,6.32600984447337,2.30770453102102,-0.0258065284817212,0.000653951485332781,0.00333347174727244,-0.0335387186823926,-0.0061569048127924,0.000642387306046038,0.000668634994300621,0.000662516865564006,4.0487763742527,24.7861330169588,26.6461433834649,,,,,,,,,,,,,,,26.6461433834649,24.7861330169588,6.32600984447337,1.86001036650616,20.3201335389916
1,-0.02502273906937,3.6755923302394,7.17135041600517,0.859232095749883,0.00333347174727244,0.724286434852402,0.000642387306046038,0.000668634994300621,0.000662516865564006,9.97630679042505,24.532253937237,27.8806761346455,,,,,,,,,,,,,,,,,,27.8806761346455,24.532253937237,9.97630679042505,3.34842219740854,17.9043693442205
1,-0.02502273906937,3.6755923302394,7.17135041600517,3.30988901441135,0.859232095749883,0.00333347174727244,-0.0244941866145583,-0.0061569048127924,0.000642387306046038,0.000668634994300621,0.000662516865564006,6.34855886663412,20.8890547578339,32.6314492608232,,,,,,,,,,,,,,,,32.6314492608232,20.8890547578339,7.17135041600517,11.7423945029893,25.4600988448181
4.54352009342944,3.6755923302394,7.17422810286399,0.00506970517612898,0.000653951485332781,5.50903630923306,5.09631998045924,-0.026160735222277,0.000642387306046038,0.000668634994300621,0.000662516865564006,17.5996580361506,32.9623559884386,,,,,,,,,,,,,,,,,,32.9623559884386,17.5996580361506,7.17422810286399,15.362697952288,25.7881278855746
1,0.973572894276182,3.6755923302394,6.31516717692271,0.017090994879266,0.000653951485332781,0.00333347174727244,0.724286434852402,0.000642387306046038,0.000668634994300621,0.000662516865564006,5.44162188568639,13.2649652802011,28.6420284039362,,,,,,,,,,,,,,,,,28.6420284039362,13.2649652802011,6.31516717692271,15.3770631237352,22.3268612270135
7.25814820774308,3.6755923302394,7.17135041600517,3.30988901441135,0.859232095749883,5.20291607230096,1.73460205352782,1.6812961651197,-0.0261335610547961,0.000642387306046038,0.000668634994300621,0.000662516865564006,15.4179286761115,25.5800736269106,26.0122631551401,26.0508932933214,37.8377198339035,40.9644794501829,,,,,,,,,,,,,40.9644794501829,37.8377198339035,26.0508932933214,3.12675961627936,14.9135861568615
5.44839613153399,3.6755923302394,7.17422810286399,2.34067961651198,-0.0258065284817212,0.000653951485332781,0.00333347174727244,-0.0244941866145583,-0.0061569048127924,0.000642387306046038,0.000668634994300621,0.000662516865564006,12.6971177332683,20.5207479150675,20.8702867291275,35.824255007328,37.9371692313958,,,,,,,,,,,,,,37.9371692313958,35.824255007328,20.8702867291275,2.11291422406777,17.0668825022682
1,0.973572894276182,3.6755923302394,7.17135041600517,0.859232095749883,0.00333347174727244,5.1388212017587,-0.026160735222277,0.000642387306046038,0.000668634994300621,0.000662516865564006,5.06097046781588,14.1282288104544,27.0740256501967,,,,,,,,,,,,,,,,,27.0740256501967,14.1282288104544,7.17135041600517,12.9457968397423,19.9026752341916
1,0.973572894276182,3.6755923302394,6.31516717692271,2.34067961651198,-0.0258065284817212,0.000653951485332781,0.00333347174727244,-0.0244941866145583,-0.0061569048127924,0.000642387306046038,0.000668634994300621,0.000662516865564006,25.0429973742063,33.0605215675671,,,,,,,,,,,,,,,,33.0605215675671,25.0429973742063,6.31516717692271,8.01752419336081,26.7453543906444
1,-0.02502273906937,3.6755923302394,6.32600984447337,2.30770453102102,-0.0258065284817212,0.000653951485332781,0.00333347174727244,-0.0244941866145583,5.09631998045924,-0.026160735222277,0.000642387306046038,0.000668634994300621,0.000662516865564006,19.9526135808502,38.0152517040038,,,,,,,,,,,,,,,38.0152517040038,19.9526135808502,6.32600984447337,18.0626381231536,31.6892418595304
1,-0.02502273906937,3.6755923302394,7.17422810286399,0.00506970517612898,0.000653951485332781,0.00333347174727244,-0.0244941866145583,-0.0061569048127924,0.000642387306046038,0.000668634994300621,0.000662516865564006,5.44162188568641,18.2541905837813,27.6951636541282,28.3388299078793,,,,,,,,,,,,,,,28.3388299078793,27.6951636541282,18.2541905837813,0.643666253751135,10.084639324098
1,0.973572894276182,2.7768991206644,6.31516717692271,0.017090994879266,0.000653951485332781,0.00333347174727244,-0.0244941866145583,-0.0061569048127924,0.000642387306046038,0.000668634994300621,0.000662516865564006,8.51301447239868,15.3097215437226,35.0062515266246,35.1006699699912,,,,,,,,,,,,,,,35.1006699699912,35.0062515266246,15.3097215437226,0.0944184433665996,19.7909484262685
1,2.7768991206644,6.31516717692271,3.24761659745971,0.859232095749883,0.906936980947734,3.62774792379093,0.668231167562291,1.73460205352782,1.6812961651197,-0.0261335610547961,0.000642387306046038,0.501932242305816,29.8134070558397,22.0000000000001,28.0785015673345,15.6951636541281,2.7208109428432,22.6734245236933,36.4578302742692,,,,,,,,,,,36.4578302742692,29.8134070558397,28.0785015673345,6.64442321842948,8.37932870693472
7.25814820774308,2.7768991206644,6.31516717692271,0.859232095749883,6.1098530532487,7.80752756821835,7.74989203712755,6.40847948919153,4.68490473864194,27.081367791062,25.2097200170983,14.7882266731804,1.01272332333032,1.87717543966782,0.906936980947733,24.4872984855888,39.495982797125,,,,,,,,,,,,,,39.495982797125,27.081367791062,25.2097200170983,12.414615006063,14.2862627800266
3.63864405532489,2.7768991206644,6.17135041600517,0.017090994879266,0.000653951485332781,9.06936980947734,9.73988502337922,14.8834851234095,17.0364950450137,17.0033334717474,16.5152943820226,13.693031411059,15.1876797768076,16.6013958435109,6.53239496824625,15.9852600786285,18.8658925954359,19.6521128480705,,,,,,,,,,,,,19.6521128480705,18.8658925954359,17.0364950450137,0.786220252634529,2.61561780305676
1,3.6755923302394,7.17135041600517,2.67310605764535,0.906936980947734,11.7901807523205,21.2582743038594,22.8774654982903,,,,,,,,,,,,,,,,,,,,,,,22.8774654982903,21.2582743038594,11.7901807523205,1.61919119443088,11.0872847459698
1,0.973572894276182,2.7768991206644,6.17135041600517,3.24761659745971,0.859232095749883,21.3827552515878,26.4882231837534,27.0123860120503,29.6532120175869,,,,,,,,,,,,,,,,,,,,,29.6532120175869,27.0123860120503,26.4882231837534,2.64082600553657,3.1649888338335
1,2.7768991206644,6.31516717692271,0.859232095749883,12.6971177332683,19.2403066624795,27.901102368158,,,,,,,,,,,,,,,,,,,,,,,,27.901102368158,19.2403066624795,12.6971177332683,8.66079570567851,15.2039846348897
1.8318316678589,3.6755923302394,7.17422810286399,2.34067961651198,0.859232095749883,0,7.25549584758187,23.5581527554844,27.865296848466,,,,,,,,,,,,,,,,,,,,,,27.865296848466,23.5581527554844,7.25549584758187,4.30714409298163,20.6098010008841
2.73376801722034,3.6755923302394,7.17135041600517,3.30988901441135,0.859232095749883,0,22.6069553004398,28.6332037883548,,,,,,,,,,,,,,,,,,,,,,,28.6332037883548,22.6069553004398,7.17135041600517,6.02624848791499,21.4618533723496
1,3.6755923302394,7.17135041600517,3.30988901441135,-0.0265672962719834,15.6019231583823,19.8808098960152,,,,,,,,,,,,,,,,,,,,,,,,19.8808098960152,15.6019231583823,7.17135041600517,4.27888673763291,12.70945948001
7.25814820774308,3.6755923302394,7.17422810286399,3.24761659745971,0.488973180263804,24.528952613581,32.3922581245495,,,,,,,,,,,,,,,,,,,,,,,,32.3922581245495,24.528952613581,7.25814820774308,7.86330551096849,25.1341099168064
6.35327216963853,3.6755923302394,6.31516717692271,2.34067961651198,0.488973180263804,24.8726262823646,32.3534582402821,,,,,,,,,,,,,,,,,,,,,,,,32.3534582402821,24.8726262823646,6.35327216963853,7.48083195791756,26.0001860706436
7.25814820774308,3.6755923302394,6.17135041600517,0.488973180263804,22.7150786516855,35.429032323726,,,,,,,,,,,,,,,,,,,,,,,,,35.429032323726,22.7150786516855,7.25814820774308,12.7139536720405,28.1708841159829
3.63864405532489,2.7768991206644,6.31516717692271,3.24761659745971,-0.0265672962719834,22.2031307920128,32.2941935934122,32.0754326889527,32.958706265848,,,,,,,,,,,,,,,,,,,,,,32.958706265848,32.2941935934122,32.0754326889527,0.664512672435841,0.883273576895334
1.8318316678589,3.75641182217882,7.17135041600517,0.491509120053739,19.701253044089,30.0899385279272,34.2380021867078,,,,,,,,,,,,,,,,,,,,,,,,34.2380021867078,30.0899385279272,19.701253044089,4.14806365878059,14.5367491426188
6.35327216963853,3.75641182217882,7.17422810286399,0.00506970517612898,13.1502332590377,34.7066580448742,37.404318456743,,,,,,,,,,,,,,,,,,,,,,,,37.404318456743,34.7066580448742,13.1502332590377,2.69766041186872,24.2540851977053
1,0.973572894276182,3.75641182217882,7.17135041600517,0.50034064179287,16.3665197850514,33.4045161909417,33.025144229651,34.5062984158003,,,,,,,,,,,,,,,,,,,,,,34.5062984158003,33.4045161909417,33.025144229651,1.10178222485868,1.48115418614931
2.73376801722034,2.86924680717428,6.17135041600517,0.00506970517612898,17.2294899853445,26.3187097261965,,,,,,,,,,,,,,,,,,,,,,,,,26.3187097261965,17.2294899853445,6.17135041600517,9.08921974085194,20.1473593101913
3.63864405532489,3.75641182217882,6.17135041600517,0.017090994879266,0.000653951485332781,21.6302515876894,25.9572676041596,,,,,,,,,,,,,,,,,,,,,,,,25.9572676041596,21.6302515876894,6.17135041600517,4.32701601647013,19.7859171881544
1.8318316678589,2.86924680717428,6.17135041600517,2.34067961651198,-0.0258065284817212,0.000653951485332781,8.16243282852961,25.6895162345594,29.0758863144673,,,,,,,,,,,,,,,,,,,,,,29.0758863144673,25.6895162345594,8.16243282852961,3.38637007990789,20.9134534859377
1,-0.0252464582315585,3.75641182217882,6.30995263877019,2.40405120297998,0.859232095749883,12.6971177332683,24.5135248011028,26.8723691174078,27.0804989008306,,,,,,,,,,,,,,,,,,,,,27.0804989008306,26.8723691174078,24.5135248011028,0.208129783422883,2.56697409972783
1.8318316678589,2.86924680717428,6.17422810286398,0.017090994879266,0.000653951485332781,17.632091170005,22.6809965803616,,,,,,,,,,,,,,,,,,,,,,,,22.6809965803616,17.632091170005,6.17422810286398,5.04890541035666,16.5067684774977
3.63864405532489,2.86924680717428,6.17135041600517,0.017090994879266,0.000653951485332781,7.25549584758187,10.9180857003281,11.7448629091354,19.5987566008329,19.9926653674368,,,,,,,,,,,,,,,,,,,,,19.9926653674368,19.5987566008329,11.7448629091354,0.393908766603861,8.2478024583014
2.73376801722034,3.75641182217882,6.31516717692271,2.34067961651198,0.859232095749883,15.4680964593948,12.0000000000001,16.6658725591459,18.8200822359086,18.847453839533,,,,,,,,,,,,,,,,,,,,,18.847453839533,18.8200822359086,16.6658725591459,0.0273716036243528,2.18158128038711
4.54352009342944,3.75641182217882,6.30995263877019,0.00506970517612898,0.000653951485332781,8.6902311361575,9.61046216719596,9.63044607069803,10.8623193545433,11.8921058255985,12.6068077267547,4.87050300090728,2.86910723009283,0.906936980947733,0.906936980947734,0.000640854866006031,0.00065456329820645,0.000651504233838087,0.000640797508549126,5.44162188568639,0,7.73724687114714,6.34855886663415,0,7.25549584758187,0,10.4746329558937,12.8796180385931,,,12.8796180385931,12.6068077267547,11.8921058255985,0.272810311838466,0.987512212994636
1,0.973572894276182,2.86924680717428,6.17135041600517,2.34067961651198,-0.0258065284817212,0.000653951485332781,5.50903630923306,5.09631998045924,-0.026160735222277,0.000642387306046038,9.76616907669767,5.58280410356623,1.8797325354177,0.906936980947734,7.89145373892112,5.49803828773819,8.60927576941872,0.906936980947733,8.16243282852961,8.03721037755605,8.02485344406454,15.6066925029661,14.6256554454691,13.7369876040286,15.7724157791892,17.6141609672693,,,,17.6141609672693,15.7724157791892,15.6066925029661,1.84174518808012,2.00746846430316
1,0.973572894276182,2.86924680717428,6.17135041600517,0.859232095749883,0.00333347174727244,-0.0244941866145583,-0.0061569048127924,0.000642387306046038,12.5627664298219,7.34855886663414,6.34855886663414,10.3877625793845,11.8674719246517,10.8684049829019,19.7567018808013,,,,,,,,,,,,,,,19.7567018808013,12.5627664298219,11.8674719246517,7.19393545097941,7.88922995614958
3.63864405532489,3.75641182217882,6.31516717692271,3.24761659745971,-0.0265672962719834,0.000653951485332781,0.00333347174727244,-0.0244941866145583,-0.0061569048127924,0.000642387306046038,11.5627664298219,5.4416218856864,5.44162188568639,1.81387396189547,12.2705941621886,17.6055050073279,22.7335364470655,,,,,,,,,,,,,,22.7335364470655,17.6055050073279,12.2705941621886,5.12803143973763,10.4629422848769
1.8318316678589,2.86924680717428,6.17135041600517,2.34067961651198,0.859232095749883,0.00333347174727244,-0.0244941866145583,4.1893829995115,-0.026160735222277,0.000642387306046038,0.000668634994300621,0.000662516865564006,16.0354558500245,18.4653274536489,9.06936980947735,9.97630679042507,10.0250744411102,10.0122929606626,4.53468490473866,0,4.53468490473867,12.9401614150791,21.6058201462071,19.6412585490964,15.7337641285448,17.9751126526625,22.784831991358,24.871213244702,,,24.871213244702,22.784831991358,21.6058201462071,2.08638125334404,3.26539309849491
1.8318316678589,3.75641182217882,6.30995263877019,3.30988901441135,-0.0265672962719834,0.000653951485332781,0.00333347174727244,-0.0244941866145583,0.561635075720569,0.000642387306046038,0.000668634994300621,0.000662516865564006,8.73785570346854,17.9263033009981,22.6443699548702,12.8480703468491,2.7208109428432,6.8806761346454,1.01242090632052,0,4.53468490473867,4.53468490473867,9.73488641915004,6.63095383488035,0,2.82229798383815,4.77253232321693,9.53262959055942,20.7799560041409,25.0754326889526,25.0754326889526,22.6443699548702,20.7799560041409,2.43106273408242,4.29547668481172
2.73376801722034,2.86924680717428,6.31516717692271,3.24761659745971,-0.0265672962719834,0.000653951485332781,0.00333347174727244,-0.0244941866145583,0.561635075720569,0.000642387306046038,0.000668634994300621,0.000662516865564006,22.8441374717939,,,,,,,,,,,,,,,,,,22.8441374717939,6.31516717692271,3.24761659745971,16.5289702948712,19.5965208743342
2.73376801722034,3.75641182217882,6.17135041600517,3.24761659745971,-0.0265672962719834,0.000653951485332781,4.29597909135323,-0.122800635075723,5.09631998045924,-0.026160735222277,0.000642387306046038,0.000668634994300621,0.000662516865564006,5.4416218856864,12.1648143624817,15.1144575685673,21.736974623142,24.7367303632495,,,,,,,,,,,,,24.7367303632495,21.736974623142,15.1144575685673,2.9997557401075,9.62227279468217
1,-0.0252464582315585,3.75641182217882,6.31516717692271,3.24761659745971,-0.0265672962719834,0.000653951485332781,0.00333347174727244,-0.0335387186823926,-0.0061569048127924,0.000642387306046038,0.000668634994300621,0.000662516865564006,9.06936980947733,18.2725267958919,25.8788928920373,25.8683722695235,23.6174995492825,27.1426477772351,,,,,,,,,,,,27.1426477772351,25.8788928920373,25.8683722695235,1.26375488519785,1.27427550771163
1.8318316678589,2.86924680717428,6.17135041600517,0.017090994879266,0.000653951485332781,0.00333347174727244,-0.124656765999023,5.78241823283787,5.72690470956339,-0.026160735222277,0.000642387306046038,0.000668634994300621,0.000662516865564006,7.89263033009985,6.34855886663413,9.97630679042508,21.8439702700818,20.7367256379837,18.4711878736596,21.3070346849048,30.5854698804291,30.918962418871,,,,,,,,,30.918962418871,30.5854698804291,21.8439702700818,0.333492538441867,9.07499214878923
3.63864405532489,2.86924680717428,6.17135041600517,2.34067961651198,0.859232095749883,0.00333347174727244,-0.0244941866145583,-0.0061569048127924,0.000642387306046038,0.000668634994300621,0.000662516865564006,5.87619585572386,27.3961284807036,30.9371692313957,,,,,,,,,,,,,,,,,30.9371692313957,27.3961284807036,6.17135041600517,3.54104075069208,24.7658188153906
1,-0.0252464582315585,3.75641182217882,6.30995263877019,3.30988901441135,-0.0265672962719834,0.000653951485332781,0.00333347174727244,-0.0335387186823926,-0.0061569048127924,0.000642387306046038,0.000668634994300621,0.000662516865564006,22.2100635075722,25.6014529101823,,,,,,,,,,,,,,,,25.6014529101823,22.2100635075722,6.30995263877019,3.39138940261011,19.2915002714121
1.8318316678589,2.86924680717428,6.17135041600517,2.34067961651198,-0.0258065284817212,0.000653951485332781,0.00333347174727244,0.724286434852402,0.000642387306046038,0.000668634994300621,0.000662516865564006,7.25549584758188,31.5650211110338,,,,,,,,,,,,,,,,,,31.5650211110338,7.25549584758188,6.17135041600517,24.3095252634519,25.3936706950286
6.35327216963853,3.75641182217882,7.17135041600517,0.859232095749883,0.00333347174727244,0.724286434852402,0.000642387306046038,0.000668634994300621,0.000662516865564006,7.25549584758188,40.4668555319052,,,,,,,,,,,,,,,,,,,,40.4668555319052,7.25549584758188,7.17135041600517,33.2113596843234,33.2955051159001
10.8776523601613,3.75641182217882,7.17135041600517,3.30988901441135,0.859232095749883,9.60736130981465,0.00333347174727244,0.724286434852402,0.000642387306046038,0.000668634994300621,0.000662516865564006,16.6953315828042,45.4562763887922,,,,,,,,,,,,,,,,,,45.4562763887922,16.6953315828042,10.8776523601613,28.760944805988,34.578624028631
3.63864405532489,3.75641182217882,7.17422810286399,2.34067961651198,0.859232095749883,0.00333347174727244,-0.0244941866145583,5.09631998045924,-0.026160735222277,0.000642387306046038,0.000668634994300621,0.000662516865564006,10.8832437713728,26.5121253954686,26.2168417195898,12.8805423732757,6.05043239816693,2.02441144997326,0.906936980947734,0,17.2318026380069,31.7637065420943,,,,,,,,,31.7637065420943,26.5121253954686,26.2168417195898,5.25158114662578,5.54686482250453
2.73376801722034,3.75641182217882,6.31516717692271,3.24761659745971,0.859232095749883,0.00333347174727244,-0.0335387186823926,-0.0061569048127924,0.000642387306046038,0.000668634994300621,0.000662516865564006,4.53468490473867,28.5693392769909,28.4962750366392,20.9446496906043,14.3136068026381,10.5090070835369,5.63519021739134,31.2687011480217,,,,,,,,,,,,31.2687011480217,28.5693392769909,28.4962750366392,2.69936187103077,2.77242611138252
10.8776523601613,3.75641182217882,7.17422810286399,-0.167397206277481,-0.00572025748700189,0.000653951485332781,0.00333347174727244,0.724286434852402,0.000642387306046038,0.859232095749882,17.231802638007,30.3658228068953,38.1624328285298,41.9335718502108,44.611232756415,,,,,,,,,,,,,,,,44.611232756415,41.9335718502108,38.1624328285298,2.67766090620423,6.44879992788522
5.44839613153399,4.65510503175381,8.174228102864,4.21572682584272,0.859232095749883,0.00333347174727244,0.724286434852402,0.000642387306046038,0.000668634994300621,0.000662516865564006,21.7664875427457,35.597011887315,41.2963101489988,,,,,,,,,,,,,,,,,,41.2963101489988,35.597011887315,21.7664875427457,5.69929826168382,19.5298226062531
1.8318316678589,4.65510503175381,7.32600984447337,3.24761659745971,-0.0265672962719834,0.000653951485332781,0.00333347174727244,0.724286434852402,0.000642387306046038,0.000668634994300621,0.000662516865564006,28.5476764777725,24.5288226673182,43.4714215925747,47.6029904389702,,,,,,,,,,,,,,,,47.6029904389702,43.4714215925747,28.5476764777725,4.13156884639547,19.0553139611977
1.8318316678589,3.75641182217882,7.17422810286399,2.34067961651198,0.859232095749883,0.00333347174727244,-0.0244941866145583,-0.0061569048127924,0.000642387306046038,0.000668634994300621,0.000662516865564006,5.44162188568639,9.40145967094709,25.9570713238888,35.4766361051018,35.9280658251334,,,,,,,,,,,,,,,35.9280658251334,35.4766361051018,25.9570713238888,0.451429720031655,9.97099450124463
1,-0.0252464582315585,3.75641182217882,6.17422810286398,2.30770453102102,-0.0258065284817212,0.000653951485332781,0.00333347174727244,-0.0244941866145583,-0.0061569048127924,0.000642387306046038,0.000668634994300621,0.000662516865564006,9.97630679042508,33.5861793972598,,,,,,,,,,,,,,,,33.5861793972598,9.97630679042508,6.17422810286398,23.6098726068347,27.4119512943958
1.8318316678589,2.86924680717428,6.17135041600517,2.34067961651198,-0.0258065284817212,0.000653951485332781,3.62774792379093,0.00333347174727244,-0.0244941866145583,-0.0061569048127924,0.000642387306046038,0.000668634994300621,0.000662516865564006,6.34855886663414,31.9600129835766,,,,,,,,,,,,,,,,31.9600129835766,6.34855886663414,6.17135041600517,25.6114541169425,25.7886625675715
3.63864405532489,3.75641182217882,6.17422810286398,2.30770453102102,-0.0258065284817212,0.000653951485332781,0.00333347174727244,-0.0244941866145583,-0.0061569048127924,0.000642387306046038,0.000668634994300621,0.000662516865564006,6.88114429943941,9.62774792379098,18.4769337968457,18.7605838683789,27.0872007816318,,,,,,,,,,,,,,27.0872007816318,18.7605838683789,18.4769337968457,8.32661691325288,8.61026698478615
3.63864405532489,2.86924680717428,6.17135041600517,2.34067961651198,-0.0258065284817212,0.000653951485332781,0.00333347174727244,-0.0244941866145583,4.1893829995115,-0.026160735222277,0.000642387306046038,0.000668634994300621,0.000662516865564006,20.84081524647,20.8683035714287,27.1585232163214,29.6419455300442,,,,,,,,,,,,,,29.6419455300442,27.1585232163214,20.8683035714287,2.48342231372278,8.77364195861545
5.44839613153399,2.02495812687558,2.0247022355596,5.18629216460067,3.30988901441135,-0.0265672962719834,0.000653951485332781,0.668231167562291,1.73460205352782,1.6812961651197,-0.0261335610547961,0.90412164875428,0,0.859232095749882,12.6971177332683,32.2708940348247,33.4790343592251,27.759007083537,27.0379835037339,31.7460002442601,33.8677917887968,,,,,,,,,,33.8677917887968,33.4790343592251,32.2708940348247,0.388757429571733,1.59689775397214
6.35327216963853,2.86924680717428,6.17370514701396,0.00506970517612898,0.000653951485332781,0.00333347174727244,-0.124656765999023,10.8451915712891,10.7269047095634,4.97383926477775,9.87109320783034,9.26739037616029,3.01232203922118,8.74174714157774,0.906936980947734,1.01228714495081,1.01254303626678,19.9526135808501,34.432395259032,,,,,,,,,,,,34.432395259032,19.9526135808501,10.8451915712891,14.4797816781819,23.587203687743
3.63864405532489,2.86924680717428,6.17422810286398,0.017090994879266,0.000653951485332781,9.97630679042507,11.4717763509899,17.1110553772072,17.0124906948613,16.0286638041735,18.7573088974575,18.8229028124783,8.77807064324321,9.54535407303376,5.86587260392681,2.86878155023613,1.81387396189547,4.53468490473867,18.2289151371346,18.0489464838208,17.485654820062,18.9063008874777,24.0755024774933,27.8677917887968,,,,,,,27.8677917887968,24.0755024774933,18.9063008874777,3.79228931130344,8.96149090131906
1.8318316678589,2.86924680717428,6.17135041600517,0.017090994879266,0.000653951485332781,8.1624328285296,16.4632159868101,21.5034578041037,24.7374108015215,,,,,,,,,,,,,,,,,,,,,,24.7374108015215,21.5034578041037,16.4632159868101,3.23395299741784,8.27419481471147
3.63864405532489,2.86924680717428,6.17135041600517,0.859232095749883,8.1624328285296,16.99152941587,21.7365395352084,25.8759566845792,,,,,,,,,,,,,,,,,,,,,,,25.8759566845792,21.7365395352084,16.99152941587,4.13941714937077,8.88442726870919
3.63864405532489,2.86924680717428,6.17370514701396,3.30988901441135,0.859232095749883,0,11.7901807523205,24.8782844231979,29.746491308419,,,,,,,,,,,,,,,,,,,,,,29.746491308419,24.8782844231979,11.7901807523205,4.86820688522114,17.9563105560985
4.54352009342944,2.86924680717428,6.17135041600517,0.859232095749883,0,22.0004579872986,28.7525978057321,27.8694550823507,28.8177108777074,,,,,,,,,,,,,,,,,,,,,,28.8177108777074,28.7525978057321,27.8694550823507,0.0651130719752544,0.94825579535674
4.54352009342944,3.75641182217882,6.17135041600517,0.00506970517612898,0.000653951485332781,34.0846327814225,37.2750217362228,,,,,,,,,,,,,,,,,,,,,,,,37.2750217362228,34.0846327814225,6.17135041600517,3.1903889548003,31.1036713202176
5.44839613153399,3.75641182217882,6.31516717692271,3.24761659745971,-0.0265672962719834,21.1518153395214,30.6837750366392,31.7543748691467,,,,,,,,,,,,,,,,,,,,,,,31.7543748691467,30.6837750366392,21.1518153395214,1.0705998325075,10.6025595296253
9.06790028395218,2.86924680717428,6.17370514701396,16.5413540734155,35.4125595459822,,,,,,,,,,,,,,,,,,,,,,,,,,35.4125595459822,16.5413540734155,9.06790028395218,18.8712054725667,26.34465926203
6.35327216963853,3.75641182217882,6.31516717692271,23.9202960185639,36.1203325752555,,,,,,,,,,,,,,,,,,,,,,,,,,36.1203325752555,23.9202960185639,6.35327216963853,12.2000365566916,29.767060405617
5.44839613153399,3.75641182217882,6.17135041600517,16.514370988413,28.3487650083166,32.4951656896273,,,,,,,,,,,,,,,,,,,,,,,,,32.4951656896273,28.3487650083166,16.514370988413,4.14640068131065,15.9807947012143
8.16302424584763,2.86924680717428,6.17370514701396,9.33812220971244,31.3325274700784,34.5022921173845,,,,,,,,,,,,,,,,,,,,,,,,,34.5022921173845,31.3325274700784,9.33812220971244,3.16976464730618,25.1641699076721
1.8318316678589,2.86924680717428,6.17370514701396,15.6645602898297,29.8942378731508,34.6843246213974,,,,,,,,,,,,,,,,,,,,,,,,,34.6843246213974,29.8942378731508,15.6645602898297,4.79008674824659,19.0197643315677
7.25814820774308,3.75641182217882,6.17370514701396,21.1564615477682,37.6038150418297,34.0000000000002,38.3647487176358,,,,,,,,,,,,,,,,,,,,,,,,38.3647487176358,37.6038150418297,34.0000000000002,0.760933675806051,4.36474871763559
7.25814820774308,2.86924680717428,6.17370514701396,19.6816541035663,35.5209356974931,,,,,,,,,,,,,,,,,,,,,,,,,,35.5209356974931,19.6816541035663,7.25814820774308,15.8392815939268,28.26278748975
6.35327216963853,3.75641182217882,6.30995263877019,17.5683371584179,33.921864321263,,,,,,,,,,,,,,,,,,,,,,,,,,33.921864321263,17.5683371584179,6.35327216963853,16.3535271628451,27.5685921516245
1,2.86924680717428,6.17135041600517,10.0341211284808,23.3391140533041,29.1225806639218,29.2640144113338,,,,,,,,,,,,,,,,,,,,,,,,29.2640144113338,29.1225806639218,23.3391140533041,0.141433747412005,5.92490035802978
2.73376801722034,3.75641182217882,7.17135041600517,15.7607834212415,34.2038751293271,35.2238107596485,,,,,,,,,,,,,,,,,,,,,,,,,35.2238107596485,34.2038751293271,15.7607834212415,1.01993563032137,19.4630273384069
1,2.86924680717428,6.17370514701396,2.40405120297998,0.488973180263804,24.1851013586958,25.1838709958826,25.0628605741272,26.1039427617653,,,,,,,,,,,,,,,,,,,,,,26.1039427617653,25.1838709958826,25.0628605741272,0.920071765882707,1.04108218763812
3.63864405532489,2.86924680717428,6.17135041600517,0.859232095749883,0.504961529066929,30.2223670092123,34.4793531329241,,,,,,,,,,,,,,,,,,,,,,,,34.4793531329241,30.2223670092123,6.17135041600517,4.25698612371184,28.3080027169189
3.63864405532489,2.86924680717428,6.17370514701396,3.30988901441135,0.859232095749883,0,19.0456765999024,29.7826086956524,30.6064889530558,,,,,,,,,,,,,,,,,,,,,,30.6064889530558,29.7826086956524,19.0456765999024,0.823880257403406,11.5608123531534
5.44839613153399,2.86924680717428,6.17135041600517,3.24761659745971,-0.0265672962719834,0.000653951485332781,13.604054714216,21.8688215332544,,,,,,,,,,,,,,,,,,,,,,,21.8688215332544,13.604054714216,6.17135041600517,8.26476681903837,15.6974711172492
4.54352009342944,2.86924680717428,5.17370514701395,0.017090994879266,0.000653951485332781,14.1362512212996,22.0244230813968,22.0381176285855,22.5079777025614,,,,,,,,,,,,,,,,,,,,,,22.5079777025614,22.0381176285855,22.0244230813968,0.469860073975841,0.483554621164529
1,0.973572894276182,3.75641182217882,6.17370514701396,3.30988901441135,-0.0265672962719834,0.000653951485332781,14.7759031800313,17.873128794752,24.7208109428433,,,,,,,,,,,,,,,,,,,,,24.7208109428433,17.873128794752,14.7759031800313,6.84768214809133,9.94490776281208
2.73376801722034,2.86924680717428,6.17135041600517,0.859232095749883,9.87740443331711,15.8918506612465,21.2728382999513,27.5573384883804,,,,,,,,,,,,,,,,,,,,,,,27.5573384883804,21.2728382999513,15.8918506612465,6.28450018842911,11.6654878271339
1.8318316678589,2.86924680717428,6.17135041600517,2.34067961651198,0.859232095749883,17.6543417195897,23.7854052585667,,,,,,,,,,,,,,,,,,,,,,,,23.7854052585667,17.6543417195897,6.17135041600517,6.13106353897694,17.6140548425615
2.73376801722034,2.86924680717428,6.17370514701396,3.30988901441135,0.859232095749883,4.53468490473867,7.51730893351483,7.00539948705427,-0.026160735222277,5.43880655349295,28.9081041631047,29.7110852529546,,,,,,,,,,,,,,,,,,,29.7110852529546,28.9081041631047,7.51730893351483,0.802981089849833,22.1937763194397
3.63864405532489,2.86924680717428,6.17135041600517,2.34067961651198,0.859232095749883,0.00333347174727244,-0.0335387186823926,-0.0061569048127924,14.5081763629703,35.5744378362937,,,,,,,,,,,,,,,,,,,,,35.5744378362937,14.5081763629703,6.17135041600517,21.0662614733235,29.4030874202886
3.63864405532489,2.86924680717428,6.17422810286398,0.017090994879266,0.000653951485332781,4.29597909135323,5.52308016609676,-0.026160735222277,0.000642387306046038,9.56045326857544,5.4416218856864,10.749170534115,9.00000000000006,9.90693698094779,9.87751893014173,10.0978784283621,12.024950857236,13.7487303574337,18.7360466536396,16.7423276223045,19.3863202828763,19.8785494015634,,,,,,,,,19.8785494015634,19.3863202828763,18.7360466536396,0.49222911868705,1.1425027479238
2.73376801722034,2.86924680717428,6.17135041600517,2.34067961651198,-0.0258065284817212,0.000653951485332781,0.00333347174727244,0.724286434852402,0.000642387306046038,4.48698001954082,15.9349200048853,17.4823445896435,8.73673508851519,1.88007602589156,11.7901807523205,13.1590524460884,18.6375782940192,20.873257467374,18.7349438493034,13.6046279253031,13.1176187713728,22.998576604555,24.8695259613373,,,,,,,,24.8695259613373,22.998576604555,20.873257467374,1.8709493567823,3.99626849396332
1,2.86924680717428,6.17370514701396,3.30988901441135,0.859232095749883,0.00333347174727244,-0.0244941866145583,-0.0061569048127924,0.000642387306046038,0.000668634994300621,0.000662516865564006,8.1624328285296,27.2465607334777,28.4624832071326,,,,,,,,,,,,,,,,,28.4624832071326,27.2465607334777,8.1624328285296,1.21592247365483,20.300050378603
1.8318316678589,2.86924680717428,6.17370514701396,2.40405120297998,0.859232095749883,5.20291607230096,5.1388212017587,-0.026160735222277,0.000642387306046038,0.000668634994300621,0.000662516865564006,5.4416218856864,21.2015652988114,28.9498860120503,29.4757241288066,,,,,,,,,,,,,,,,29.4757241288066,28.9498860120503,21.2015652988114,0.525838116756237,8.27415882999518
5.44839613153399,2.86924680717428,6.17370514701396,2.40405120297998,1.76616907669762,0.00333347174727244,-0.0244941866145583,-0.0061569048127924,0.000642387306046038,0.859232095749882,6.34855886663413,18.3370175867124,26.0946354421106,30.8734733756719,,,,,,,,,,,,,,,,,30.8734733756719,26.0946354421106,18.3370175867124,4.77883793356135,12.5364557889595
2.73376801722034,2.86924680717428,6.17135041600517,3.24761659745971,-0.0265672962719834,0.000653951485332781,0.00333347174727244,-0.0244941866145583,-0.0061569048127924,0.000642387306046038,0.000668634994300621,0.000662516865564006,6.34855886663413,11.9308188376719,20.2311309233025,23.8715265661713,27.0627151813341,,,,,,,,,,,,,,27.0627151813341,23.8715265661713,20.2311309233025,3.19118861516274,6.83158425803154
5.44839613153399,2.86924680717428,6.17370514701396,2.40405120297998,1.76616907669762,0.00333347174727244,-0.0244941866145583,-0.0061569048127924,0.000642387306046038,0.000668634994300621,0.000662516865564006,5.4416218856864,18.7805324865658,22.7801660967271,24.9069369809479,25.7367303632495,,,,,,,,,,,,,,,25.7367303632495,24.9069369809479,22.7801660967271,0.829793382301638,2.95656426652245
1,2.86924680717428,6.17135041600517,2.34067961651198,0.859232095749883,0.00333347174727244,-0.0244941866145583,4.1893829995115,-0.026160735222277,0.000642387306046038,0.000668634994300621,0.000662516865564006,9.97630679042506,21.0425739176962,22.9063008874778,,,,,,,,,,,,,,,,22.9063008874778,21.0425739176962,9.97630679042506,1.86372696978158,12.9299940970527
4.54352009342944,2.86924680717428,6.17422810286398,0.017090994879266,0.000653951485332781,0.00333347174727244,0.724286434852402,0.000642387306046038,0.000668634994300621,0.000662516865564006,14.9701421359947,17.3525150045364,9.25525158768935,1.87946537616025,3.62774792379094,0,8.01236856491503,8.09969293042088,7.25549584758187,12.6971177332683,26.0837069928119,,,,,,,,,,26.0837069928119,17.3525150045364,14.9701421359947,8.73119198827558,11.1135648568173
1.8318316678589,2.86924680717428,6.17422810286398,2.30770453102102,-0.0258065284817212,0.000653951485332781,3.62774792379093,0.00333347174727244,0.724286434852402,0.000642387306046038,0.000668634994300621,0.000662516865564006,18.1387396189547,24.6176111382513,,,,,,,,,,,,,,,,,24.6176111382513,18.1387396189547,6.17422810286398,6.4788715192966,18.4433830353873
2.73376801722034,2.86924680717428,5.30995263877018,2.34067961651198,0.859232095749883,0.00333347174727244,-0.0244941866145583,-0.0061569048127924,0.000642387306046038,0.859232095749882,15.2245359062043,20.4008304836347,,,,,,,,,,,,,,,,,,,20.4008304836347,15.2245359062043,5.30995263877018,5.17629457743041,15.0908778448645
1,0.973572894276182,2.86924680717428,6.17370514701396,2.40405120297998,0.859232095749883,0.00333347174727244,0.655633219345388,-0.0061569048127924,0.000642387306046038,0.000668634994300621,0.000662516865564006,28.3694816165354,25.8918931886386,22.5948568026381,19.9354237909136,14.3644357596484,16.6361650760696,29.4989270011866,29.9642900760697,,,,,,,,,,,29.9642900760697,29.4989270011866,28.3694816165354,0.46536307488309,1.59480845953426
6.35327216963853,2.86924680717428,6.17135041600517,1.76616907669762,7.62458962884132,0.00333347174727244,-0.0244941866145583,-0.0061569048127924,0.000642387306046038,0.000668634994300621,0.000662516865564006,6.34855886663414,42.4880138181313,,,,,,,,,,,,,,,,,,42.4880138181313,7.62458962884132,6.35327216963853,34.86342418929,36.1347416484928
10.8776523601613,2.86924680717428,6.17135041600517,7.60783456335641,0.00333347174727244,0.655633219345388,-0.0061569048127924,0.000642387306046038,0.000668634994300621,0.000662516865564006,0.906936980947734,35.2461681729362,38.5346849047389,34.4397125148302,12.0250744411102,12.0491718426502,31.2193453834882,46.7976575767096,,,,,,,,,,,,,46.7976575767096,38.5346849047389,35.2461681729362,8.26297267197067,11.5514894037733
6.35327216963853,2.86924680717428,6.17370514701396,3.30988901441135,-0.0265672962719834,0.000653951485332781,0.00333347174727244,0.724286434852402,0.000642387306046038,0.000668634994300621,0.000662516865564006,23.7300012212996,30.3069125549587,29.2063178257382,13.4608878847094,8.81387396189551,13.3836217926351,36.7036058866636,,,,,,,,,,,,,36.7036058866636,30.3069125549587,29.2063178257382,6.39669333170496,7.49728806092544
8.16302424584763,3.75641182217882,6.17422810286398,0.017090994879266,0.000653951485332781,0.00333347174727244,0.724286434852402,0.000642387306046038,0.000668634994300621,0.000662516865564006,0.906936980947734,0,9.06936980947731,18.9058410827693,25.6161085037338,34.2018960674159,35.5091139472401,,,,,,,,,,,,,,35.5091139472401,34.2018960674159,25.6161085037338,1.30721787982414,9.89300544350622
7.25814820774308,2.86924680717428,6.17135041600517,0.859232095749883,0.00333347174727244,-0.0244941866145583,0.561635075720569,0.000642387306046038,0.000668634994300621,0.000662516865564006,28.5907676303303,31.7688603531302,34.7320010991697,,,,,,,,,,,,,,,,,,34.7320010991697,31.7688603531302,28.5907676303303,2.96314074603951,6.14123346883947
4.54352009342944,2.86924680717428,6.17135041600517,2.34067961651198,-0.0258065284817212,0.000653951485332781,0.00333347174727244,5.1388212017587,-0.026160735222277,0.000642387306046038,0.000668634994300621,0.000662516865564006,12.6971177332683,35.4328336183034,,,,,,,,,,,,,,,,,35.4328336183034,12.6971177332683,6.17135041600517,22.7357158850351,29.2614832022982
9.06790028395218,2.86924680717428,6.17422810286398,2.30770453102102,-0.0258065284817212,0.000653951485332781,0.00333347174727244,-0.0244941866145583,-0.0061569048127924,0.000642387306046038,0.000668634994300621,0.000662516865564006,5.87260828855239,9.06936980947736,36.787959150441,37.0379835037339,46.8829384465074,50.6203361626774,,,,,,,,,,,,,50.6203361626774,46.8829384465074,37.0379835037339,3.73739771617005,13.5823526589435
7.25814820774308,3.75641182217882,6.17135041600517,2.34067961651198,-0.0258065284817212,0.000653951485332781,0.00333347174727244,0.724286434852402,0.000642387306046038,0.859232095749882,23.3482586305163,34.985720973783,43.9763067904253,50.611232756415,,,,,,,,,,,,,,,,,50.611232756415,43.9763067904253,34.985720973783,6.63492596598979,15.6255117826321
4.54352009342944,3.75641182217882,7.0662155280594,0.859232095749883,0.906936980947734,0.00333347174727244,-0.0244941866145583,0.561635075720569,0.000642387306046038,0.000668634994300621,0.000662516865564006,0.906936980947734,0,15.2331744190105,21.3846733460117,31.8511846604789,44.5310529927655,44.9189624188711,,,,,,,,,,,,,44.9189624188711,44.5310529927655,31.8511846604789,0.387909426105587,13.0677777583922
4.54352009342944,3.75641182217882,6.17370514701396,3.30988901441135,0.859232095749883,0.00333347174727244,-0.0244941866145583,0.561635075720569,0.000642387306046038,0.000668634994300621,0.000662516865564006,3.62774792379092,7.08862817537865,13.7370967530882,38.7020356444974,,,,,,,,,,,,,,,,38.7020356444974,13.7370967530882,7.08862817537865,24.9649388914092,31.6134074691188
1.8318316678589,2.86924680717428,6.05362851047268,2.30770453102102,-0.0258065284817212,0.000653951485332781,0.00333347174727244,5.1388212017587,-0.026160735222277,0.000642387306046038,0.000668634994300621,0.000662516865564006,5.87619585572386,0,6.34855886663412,14.9713605276014,31.5577242102265,33.030126113709,,,,,,,,,,,,,33.030126113709,31.5577242102265,14.9713605276014,1.47240190348245,18.0587655861076
1,2.86924680717428,6.17135041600517,2.34067961651198,-0.0258065284817212,0.000653951485332781,0.00333347174727244,5.1388212017587,-0.026160735222277,0.000642387306046038,0.000668634994300621,0.000662516865564006,19.4731314118223,27.7602829052971,,,,,,,,,,,,,,,,,27.7602829052971,19.4731314118223,6.17135041600517,8.28715149347482,21.588932489292
3.63864405532489,2.86924680717428,6.17370514701396,3.30988901441135,1.76616907669762,0.00333347174727244,-0.0244941866145583,5.09631998045924,-0.026160735222277,0.000642387306046038,0.000668634994300621,0.000662516865564006,26.0934097808641,31.5993450781634,,,,,,,,,,,,,,,,,31.5993450781634,26.0934097808641,6.17370514701396,5.50593529729921,25.4256399311494
